term,estimate,std_error,t_value,pr(>|t|),25pct,975pct,model,outcome,n,pct_change
llc,0.7058035817839468,0.02130498917807258,33.12855856835499,0.0,0.6640465703039089,0.7475605932639846,ppml_ecb,ECB citations 2020-26,766376,102.54736648700256
corp_other,0.31604605993757756,0.02707446580625066,11.673214984157223,0.0,0.26298108205666504,0.3691110378184901,ppml_ecb,ECB citations 2020-26,766376,37.16934342849878
trust_estate,-0.30801159094273645,0.053290059643992034,-5.779907040833307,7.474191265899321e-09,-0.4124581885789522,-0.20356499330652067,ppml_ecb,ECB citations 2020-26,766376,-26.509320030293072
nycha,-0.23061417219332167,0.0738835837034566,-3.121318168849632,0.0018004339567745387,-0.3754233353008471,-0.08580500908579625,ppml_ecb,ECB citations 2020-26,766376,-20.59542281206467
govt,0.6177747469165332,0.10982570501216499,5.625046949146419,1.854575271131864e-08,0.4025203205159697,0.8330291733170967,ppml_ecb,ECB citations 2020-26,766376,85.47960555519492
owner_occ_star,0.009567185060454632,0.023945828673122904,0.39953451563749637,0.6894993966700014,-0.037365776718832816,0.05650014683974208,ppml_ecb,ECB citations 2020-26,766376,0.9613096874244942
is_coop,-0.22350606386454602,0.045456275908247426,-4.916946216968775,8.790468943864482e-07,-0.31259872751602674,-0.1344134002130653,ppml_ecb,ECB citations 2020-26,766376,-20.02899574804807
is_condo,-0.5228191766626689,0.036422586635456576,-14.35425720571191,0.0,-0.5942061346919537,-0.45143221863338406,ppml_ecb,ECB citations 2020-26,766376,-40.71531501502675
era_pre1940,-0.3328306668024367,0.027070954649941203,-12.294751740613611,0.0,-0.3858887629434386,-0.27977257066143485,ppml_ecb,ECB citations 2020-26,766376,-28.310842257858837
era_4079,-0.3959743510962741,0.031091693869236235,-12.735695673630444,0.0,-0.45691295129832193,-0.33503575089422627,ppml_ecb,ECB citations 2020-26,766376,-32.697604195728644
era_8099,-0.7161431256921953,0.04359314616155803,-16.42788348053932,0.0,-0.8015841221416395,-0.630702129242751,ppml_ecb,ECB citations 2020-26,766376,-51.136677677428
era_unknown,0.5863398319171065,0.0996613376127585,5.883322921024533,4.021102784079744e-09,0.39100719954501273,0.7816724642892002,ppml_ecb,ECB citations 2020-26,766376,79.73975837118161
mzone,-0.03550871443055183,0.061816639515520556,-0.5744200058244271,0.5656836181997322,-0.15666710152626767,0.08564967266516403,ppml_ecb,ECB citations 2020-26,766376,-3.488567622839478
multi_bldg,0.1103365762934849,0.01809733340358553,6.096841663514056,1.0818457241157375e-09,0.07486645460624358,0.1458066979807262,ppml_ecb,ECB citations 2020-26,766376,11.665384642941913
com_class,-0.1204305964945942,0.040612807066856466,-2.9653354493901976,0.0030235304586716527,-0.2000302356567067,-0.040830957332481724,ppml_ecb,ECB citations 2020-26,766376,-11.346138590223653
log_bldgarea,0.701991290018269,0.03897497441117937,18.011334211855534,0.0,0.6256017438739871,0.7783808361625508,ppml_ecb,ECB citations 2020-26,766376,101.7766668289823
log2_area_per_unit,-0.0655227829564138,0.03142941148295612,-2.08476009778122,0.037091082396686126,-0.1271232975182974,-0.003922268394530186,ppml_ecb,ECB citations 2020-26,766376,-6.342229149255651
value_rank,-0.17511594057770952,0.0410661575857606,-4.264239726154212,2.0058400213018857e-05,-0.2556041304292467,-0.09462775072617238,ppml_ecb,ECB citations 2020-26,766376,-16.0640300720879
any_prior_viol,0.791728843846967,0.021518911799878516,36.79223425468181,0.0,0.7495525517327111,0.8339051359612228,ppml_ecb,ECB citations 2020-26,766376,120.72090493752792
llc,0.1480221309236574,0.013449805332656798,11.00552218136959,0.0,0.12166099687257531,0.1743832649747395,ppml_dobviol,DOB violations 2020-26 (union),765821,15.953855773831705
corp_other,0.09212241855975802,0.015440370745975563,5.966334622098964,2.426424172696784e-09,0.061859847989700054,0.12238498912981598,ppml_dobviol,DOB violations 2020-26 (union),765821,9.64990456988688
trust_estate,-0.05421503204470065,0.02372173027605429,-2.285458582227772,0.022285952347390392,-0.10070876903674046,-0.007721295052660837,ppml_dobviol,DOB violations 2020-26 (union),765821,-5.277159985879532
nycha,0.6509563153645811,0.04966571666208891,13.106753694776993,0.0,0.553613299440516,0.7482993312886462,ppml_dobviol,DOB violations 2020-26 (union),765821,91.73735663379196
govt,0.3677529121893845,0.060688320674146805,6.05969827644361,1.3637713180969513e-09,0.24880598938583914,0.48669983499292985,ppml_dobviol,DOB violations 2020-26 (union),765821,44.44850802196785
owner_occ_star,-0.11007160594151102,0.01658808660856892,-6.635581820790064,3.232258904972696e-11,-0.14258365826673727,-0.07755955361628478,ppml_dobviol,DOB violations 2020-26 (union),765821,-10.42300094535673
is_coop,0.03914494365908987,0.02838996871409329,1.3788301090891169,0.16794714107387043,-0.016498372542751903,0.09478825986093165,ppml_dobviol,DOB violations 2020-26 (union),765821,3.992120271129407
is_condo,0.4073172328515201,0.02765848925206624,14.726662368990066,0.0,0.3531075900506821,0.4615268756523581,ppml_dobviol,DOB violations 2020-26 (union),765821,50.278076147868454
era_pre1940,0.19198905113155498,0.02009538860010184,9.553885966185398,0.0,0.1526028132200186,0.23137528904309138,ppml_dobviol,DOB violations 2020-26 (union),765821,21.16572506164376
era_4079,0.001572273079267996,0.02429340234557526,0.06472016792470264,0.9483968048043119,-0.0460419205800004,0.04918646673853639,ppml_dobviol,DOB violations 2020-26 (union),765821,0.15735097486282434
era_8099,0.10493318322217328,0.035355108004778237,2.9679780134737976,0.002997657721261371,0.035638444863284144,0.17422792158106243,ppml_dobviol,DOB violations 2020-26 (union),765821,11.063639873094179
era_unknown,0.5429486735888659,0.10277972832013975,5.282643595804045,1.2733295862155103e-07,0.3415041077405805,0.7443932394371513,ppml_dobviol,DOB violations 2020-26 (union),765821,72.10742736973164
mzone,0.11243601616573115,0.034224981066746374,3.2852031662619696,0.001019088590190842,0.04535628590334301,0.1795157464281193,ppml_dobviol,DOB violations 2020-26 (union),765821,11.90006566696129
multi_bldg,0.3232843590618749,0.014737710814143604,21.935859859023886,0.0,0.294398976651587,0.35216974147216284,ppml_dobviol,DOB violations 2020-26 (union),765821,38.16581820749183
com_class,0.7330602495266402,0.029419168976689298,24.917775553330245,0.0,0.6753997378772311,0.7907207611760493,ppml_dobviol,DOB violations 2020-26 (union),765821,108.14405987378089
log_bldgarea,1.0394727906587786,0.029919283781643394,34.742569315664376,0.0,0.9808320720035242,1.098113509314033,ppml_dobviol,DOB violations 2020-26 (union),765821,182.77258178341575
log2_area_per_unit,-0.2889298073752501,0.025605579489392172,-11.28386129651732,0.0,-0.3391158209777363,-0.23874379377276392,ppml_dobviol,DOB violations 2020-26 (union),765821,-25.09352176194273
value_rank,-0.1824224326026932,0.02645872765959013,-6.894603359227406,5.401457059406312e-12,-0.23428058589224363,-0.13056427931314277,ppml_dobviol,DOB violations 2020-26 (union),765821,-16.675072560078775
any_prior_viol,1.0555486466963004,0.014680300477900601,71.90238703119871,0.0,1.0267757864773892,1.0843215069152117,ppml_dobviol,DOB violations 2020-26 (union),765821,187.3551285911665
llc,0.21418502375073922,0.017087490144046254,12.534609936577906,0.0,0.18069415848222542,0.24767588901925303,ppml_dobviol_bis,DOB violations 2020-26 (BIS only),765287,23.885185060547332
corp_other,0.11593121150867187,0.019967179553565733,5.806088496257796,6.394917040353221e-09,0.07679625871083848,0.15506616430650527,ppml_dobviol_bis,DOB violations 2020-26 (BIS only),765287,12.291862559830967
trust_estate,-0.09413744986366104,0.03479704984146694,-2.7053284773434827,0.006823687749568208,-0.16233841432118146,-0.02593648540614063,ppml_dobviol_bis,DOB violations 2020-26 (BIS only),765287,-8.984234740244734
nycha,0.1118824129054992,0.06808034171669916,1.6433879455404672,0.10030269259731073,-0.02155260491441098,0.2453174307254094,ppml_dobviol_bis,DOB violations 2020-26 (BIS only),765287,11.838134569998182
govt,0.1992391370895373,0.07731387700071783,2.5770165049113687,0.009965719197357004,0.04770672266297071,0.3507715515161039,ppml_dobviol_bis,DOB violations 2020-26 (BIS only),765287,22.0473791555682
owner_occ_star,-0.24991290182120207,0.021447491838247713,-11.65231364608927,0.0,-0.2919492133828844,-0.2078765902595198,ppml_dobviol_bis,DOB violations 2020-26 (BIS only),765287,-22.113138184463
is_coop,0.25090250493997246,0.030326158111859052,8.273468205715679,2.220446049250313e-16,0.1914643272512615,0.3103406826286834,ppml_dobviol_bis,DOB violations 2020-26 (BIS only),765287,28.518477905579132
is_condo,0.20867000778814285,0.03386260710315248,6.162254641306589,7.171641058789646e-10,0.14230051744333377,0.2750394981329519,ppml_dobviol_bis,DOB violations 2020-26 (BIS only),765287,23.20383683752798
era_pre1940,0.3563728366263394,0.026480309200269014,13.458031548314361,0.0,0.3044723842943275,0.4082732889583513,ppml_dobviol_bis,DOB violations 2020-26 (BIS only),765287,42.8139911882037
era_4079,0.14188676701851388,0.02835270392390283,5.004346936339141,5.605172856970597e-07,0.08631648846333685,0.19745704557369093,ppml_dobviol_bis,DOB violations 2020-26 (BIS only),765287,15.244614623542162
era_8099,0.14314955941559918,0.043828173333842806,3.266153903454228,0.0010901898109874075,0.05724791817308847,0.22905120065810988,ppml_dobviol_bis,DOB violations 2020-26 (BIS only),765287,15.390236572487526
era_unknown,0.19904719458899706,0.14740437508964505,1.350347942304596,0.17690440079632386,-0.08986007175034039,0.4879544609283345,ppml_dobviol_bis,DOB violations 2020-26 (BIS only),765287,22.023955324514954
mzone,0.14364491144816158,0.043228801086861855,3.322898341768222,0.0008908737417159251,0.058918018223066373,0.2283718046732568,ppml_dobviol_bis,DOB violations 2020-26 (BIS only),765287,15.447409519910348
multi_bldg,0.03996252268942284,0.017700928975361352,2.257651151815157,0.02396741690870674,0.005269339404813098,0.07465570597403258,ppml_dobviol_bis,DOB violations 2020-26 (BIS only),765287,4.077176813467731
com_class,0.9900371409400535,0.03280682461955372,30.177780154619587,0.0,0.9257369462386063,1.0543373356415007,ppml_dobviol_bis,DOB violations 2020-26 (BIS only),765287,169.13344291837035
log_bldgarea,0.907187185385031,0.03457497472889057,26.238260259001514,0.0,0.8394214801500229,0.974952890620039,ppml_dobviol_bis,DOB violations 2020-26 (BIS only),765287,147.73444133345097
log2_area_per_unit,-0.33132956081014886,0.02811168790819279,-11.786185229866154,0.0,-0.38642745665483685,-0.27623166496546087,ppml_dobviol_bis,DOB violations 2020-26 (BIS only),765287,-28.203148423882663
value_rank,0.06243199370208506,0.03364776162802276,1.8554575603653238,0.0635309142643199,-0.0035164072492283732,0.1283803946533985,ppml_dobviol_bis,DOB violations 2020-26 (BIS only),765287,6.442206905206871
any_prior_viol,1.4817644063644881,0.018450208275488305,80.31152734102518,0.0,1.4456026626372682,1.517926150091708,ppml_dobviol_bis,DOB violations 2020-26 (BIS only),765287,340.0703464165506
llc,1.9089343255918247,0.21235203830541058,8.989479643451045,0.0,1.4925024567583172,2.3253661944253325,lpm_any_dobviol,any DOB violation (pp),766400,574.5896037873748
corp_other,1.1961365346077333,0.32199040968396225,3.714820375494279,0.00020842310216706572,0.5646989033931394,1.8275741658223272,lpm_any_dobviol,any DOB violation (pp),766400,230.73145126658483
trust_estate,-0.8523280409405749,0.11395222347841481,-7.479696445783048,1.0702549957386509e-13,-1.075793460719598,-0.6288626211615518,lpm_any_dobviol,any DOB violation (pp),766400,-57.35789501634547
nycha,0.21100108553691266,1.5669195202685127,0.13465981041627129,0.8928931906871957,-2.8617983532829516,3.283800524356777,lpm_any_dobviol,any DOB violation (pp),766400,23.491369560506726
govt,7.081580137416023,2.0616307189519114,3.434941123217327,0.0006036918019309834,3.038629855474521,11.124530419357527,lpm_any_dobviol,any DOB violation (pp),766400,118884.71558759573
owner_occ_star,-0.5077499093922055,0.14561918351856745,-3.4868339261596253,0.0004983792680506305,-0.7933156577342664,-0.22218416105014466,lpm_any_dobviol,any DOB violation (pp),766400,-39.81517304581858
is_coop,2.8113586946409637,0.781412569103853,3.597790470487457,0.00032802786116592486,1.2789736086362637,4.343743780645664,lpm_any_dobviol,any DOB violation (pp),766400,1563.2501363982449
is_condo,6.441082349789536,0.6983005944688059,9.223939376264227,0.0,5.071683572726867,7.8104811268522045,lpm_any_dobviol,any DOB violation (pp),766400,62608.51581236932
era_pre1940,4.331562807382042,0.2850973065600119,15.193278602476955,0.0,3.772474205654407,4.890651409109677,lpm_any_dobviol,any DOB violation (pp),766400,7506.3065651099405
era_4079,3.7047343439769547,0.28748585328930065,12.886666601465198,0.0,3.1409616950124226,4.268506992941487,lpm_any_dobviol,any DOB violation (pp),766400,3963.9249821245344
era_8099,1.6312204515131412,0.34027233170541943,4.79386743946411,1.745536262642844e-06,0.963931151465897,2.2985097515603856,lpm_any_dobviol,any DOB violation (pp),766400,411.0107552822213
era_unknown,3.486234160155027,2.3258529853568177,1.4989056411147976,0.13404184640638972,-1.0748678337477755,8.04733615405783,lpm_any_dobviol,any DOB violation (pp),766400,3166.271326422846
mzone,2.6078468304727505,0.6232130125922405,4.184519221807437,2.9702092353423026e-05,1.3856981683445824,3.8299954926009185,lpm_any_dobviol,any DOB violation (pp),766400,1256.9801290869339
multi_bldg,2.8257428154839106,0.15512780643141202,18.21557901505737,0.0,2.521530231249773,3.1299553997180483,lpm_any_dobviol,any DOB violation (pp),766400,1587.3474209972705
com_class,-0.12454247784076398,0.6850435052904448,-0.1818022897508684,0.8557546665368396,-1.467943508586077,1.218858552904549,lpm_any_dobviol,any DOB violation (pp),766400,-11.709924314792152
log_bldgarea,35.202894445258025,0.8603011596454118,40.91926885204655,0.0,33.51580529589221,36.88998359462384,lpm_any_dobviol,any DOB violation (pp),766400,1.9427763346212374e+17
log2_area_per_unit,-20.379797850665014,0.6349091861382765,-32.09876041425948,0.0,-21.624883233565185,-19.134712467764842,lpm_any_dobviol,any DOB violation (pp),766400,-99.99999985901717
value_rank,-3.869369193498795,0.4564819829761803,-8.476499265691068,0.0,-4.764550830447334,-2.9741875565502567,lpm_any_dobviol,any DOB violation (pp),766400,-97.91284688289264
any_prior_viol,9.711525194429234,0.20522501290418171,47.321352582706304,0.0,9.30906974197836,10.113980646880107,lpm_any_dobviol,any DOB violation (pp),766400,1650575.8703786128
llc,0.5584760501903185,0.02304452028978165,24.23465722729567,0.0,0.513309620381344,0.6036424799992931,ppml_ecb_owner,ECB citations 2020-26,766376,74.80065951412335
corp_other,0.27932123918215024,0.02778170028583529,10.054144861845058,0.0,0.22487010719262693,0.3337723711716735,ppml_ecb_owner,ECB citations 2020-26,766376,32.22320283886457
trust_estate,-0.40150009004938264,0.05400032022095844,-7.4351427622378,1.0436096431476471e-13,-0.5073387728360912,-0.2956614072626741,ppml_ecb_owner,ECB citations 2020-26,766376,-33.06847405717046
nycha,-0.033817902352919364,0.07590483336937738,-0.445530289070665,0.6559365758360514,-0.18258864200941316,0.11495283730357442,ppml_ecb_owner,ECB citations 2020-26,766376,-3.325246893925138
govt,0.6318596147796317,0.1093291467214432,5.779425100513497,7.495631448861673e-09,0.41757842474510765,0.8461408048141558,ppml_ecb_owner,ECB citations 2020-26,766376,88.11054602069062
owner_occ_star,0.017920498886152676,0.023837371986276664,0.7517816517890322,0.4521823778337484,-0.028799891693033607,0.06464088946533895,ppml_ecb_owner,ECB citations 2020-26,766376,1.8082034516619938
is_coop,-0.13574417786018805,0.045992665768253595,-2.9514309638882765,0.003163052453754478,-0.22588814631895332,-0.04560020940142277,ppml_ecb_owner,ECB citations 2020-26,766376,-12.69340464773039
is_condo,-0.24024733616235103,0.03901423715239403,-6.15794011872942,7.369720389505119e-10,-0.31671383586534785,-0.1637808364593542,ppml_ecb_owner,ECB citations 2020-26,766376,-21.356667639073535
era_pre1940,-0.3150657592270932,0.026913296580469388,-11.706695175192031,0.0,-0.3678148512300582,-0.26231666722412816,ppml_ecb_owner,ECB citations 2020-26,766376,-27.025911450538665
era_4079,-0.3752930763303576,0.03088566707351375,-12.151043247247626,0.0,-0.43582787143293916,-0.314758281227776,ppml_ecb_owner,ECB citations 2020-26,766376,-31.291211991471158
era_8099,-0.6908728524544008,0.043460926082004823,-15.896413508327415,0.0,-0.7760547023098877,-0.6056910025989138,ppml_ecb_owner,ECB citations 2020-26,766376,-49.886154182424406
era_unknown,0.5726204040057122,0.09949868420104593,5.755055040212208,8.661356964978495e-09,0.37760656646253765,0.7676342415488868,ppml_ecb_owner,ECB citations 2020-26,766376,77.29067017227294
mzone,-0.037614006651638554,0.061996006743000126,-0.6067166036606946,0.5440390013851542,-0.15912394705322117,0.08389593374994406,ppml_ecb_owner,ECB citations 2020-26,766376,-3.69153865902897
multi_bldg,0.11341410052017219,0.018093242567732287,6.268312608732517,3.6498160049802664e-10,0.07795199672386988,0.1488762043164745,ppml_ecb_owner,ECB citations 2020-26,766376,12.009566912449054
com_class,-0.09723163118327514,0.04097828994184843,-2.37275960810602,0.017655750737271658,-0.177547603617338,-0.016915658749212262,ppml_ecb_owner,ECB citations 2020-26,766376,-9.265418779364264
log_bldgarea,0.7125517293497168,0.039290912878105544,18.13528058155093,0.0,0.6355429551889289,0.7895605035105047,ppml_ecb_owner,ECB citations 2020-26,766376,103.91880814613086
log2_area_per_unit,-0.06663916842879218,0.03160470803428481,-2.1085202988270595,0.03498600881966696,-0.1285832579178941,-0.004695078939690248,ppml_ecb_owner,ECB citations 2020-26,766376,-6.446728982107808
value_rank,-0.19399622699874922,0.04098923944973851,-4.732857442661987,2.213809774387343e-06,-0.2743336600739251,-0.11365879392357334,ppml_ecb_owner,ECB citations 2020-26,766376,-17.633898806325753
any_prior_viol,0.7753292117947665,0.021382861815756455,36.25937531071951,0.0,0.7334195727494871,0.817238850840046,ppml_ecb_owner,ECB citations 2020-26,766376,117.13068293510753
geo_nyc_other,0.08640597709992869,0.017238072110684524,5.012508158982142,5.372509666035086e-07,0.052619976600082656,0.12019197759977471,ppml_ecb_owner,ECB citations 2020-26,766376,9.024885453945863
geo_outside_nyc,0.11225971293597486,0.02437894036822851,4.6047822932565055,4.128975784833955e-06,0.06447786783299733,0.1600415580389524,ppml_ecb_owner,ECB citations 2020-26,766376,11.880339062957358
geo_unknown,-0.3039737363369935,0.020738125915086163,-14.657724501318832,0.0,-0.3446197162374191,-0.26332775643656786,ppml_ecb_owner,ECB citations 2020-26,766376,-26.21197543657836
multi_prop_owner,-0.04332259938982963,0.021574060376687576,-2.0080874269102824,0.04463400210191937,-0.08560698072842993,-0.0010382180512293407,ppml_ecb_owner,ECB citations 2020-26,766376,-4.2397581723180755
llc,0.12939457100218488,0.014850110018190579,8.713374570537427,0.0,0.1002888902000739,0.15850025180429586,ppml_dobviol_owner,DOB violations 2020-26,765821,13.813911227121768
corp_other,0.08920485755176638,0.01569032261968532,5.685342469621918,1.3055077685564243e-08,0.05845239031136899,0.11995732479216377,ppml_dobviol_owner,DOB violations 2020-26,765821,9.330460509148297
trust_estate,-0.07351585935105891,0.023985612559520187,-3.064998201260428,0.0021767130625032216,-0.12052679611485007,-0.02650492258726775,ppml_dobviol_owner,DOB violations 2020-26,765821,-7.087858958795124
nycha,0.6761544989077383,0.050258179701497895,13.453620941380537,0.0,0.5776502767642604,0.7746587210512161,ppml_dobviol_owner,DOB violations 2020-26,765821,96.6301759297304
govt,0.3755758928101526,0.060502654520174365,6.207593630208709,5.380205170268937e-10,0.2569928689815413,0.4941589166387639,ppml_dobviol_owner,DOB violations 2020-26,765821,45.58295750348278
owner_occ_star,-0.1083221238020964,0.01656083086790045,-6.54086287494519,6.116485096185897e-11,-0.14078075585724048,-0.0758634917469523,ppml_dobviol_owner,DOB violations 2020-26,765821,-10.26615042181941
is_coop,0.04976664756501203,0.028417901169879047,1.7512428967752598,0.07990407925200915,-0.005931415244169583,0.10546471037419364,ppml_dobviol_owner,DOB violations 2020-26,765821,5.102580832624715
is_condo,0.430552599365893,0.030432613425881227,14.147736618628102,0.0,0.3709057730957357,0.49019942563605035,ppml_dobviol_owner,DOB violations 2020-26,765821,53.810724583738455
era_pre1940,0.19301803901058015,0.020051628639936016,9.626052949442418,0.0,0.15371756904493367,0.23231850897622663,ppml_dobviol_owner,DOB violations 2020-26,765821,21.2904672922005
era_4079,0.0027871367528323854,0.024262221468477976,0.11487557956939336,0.9085437416122428,-0.04476594351031896,0.05034021701598373,ppml_dobviol_owner,DOB violations 2020-26,765821,0.27910244294615527
era_8099,0.10662653683309312,0.035311230426380055,3.019621110496205,0.00253091081853829,0.03741779694759326,0.17583527671859298,ppml_dobviol_owner,DOB violations 2020-26,765821,11.251869213153377
era_unknown,0.5425176080612524,0.10268856325263635,5.283135637281634,1.2699129681159604e-07,0.3412517224619218,0.7437834936605829,ppml_dobviol_owner,DOB violations 2020-26,765821,72.03325377873394
mzone,0.11270503201067864,0.03425252705616641,3.290415093340933,0.0010003968773792948,0.04557131260110869,0.17983875142024858,ppml_dobviol_owner,DOB violations 2020-26,765821,11.930172607116774
multi_bldg,0.3233282224656372,0.014709904450623795,21.98030745549309,0.0,0.2944973395263891,0.35215910540488526,ppml_dobviol_owner,DOB violations 2020-26,765821,38.17187876347934
com_class,0.735197301098671,0.029425570392195,24.984980454063816,0.0,0.6775242429054206,0.7928703592919214,ppml_dobviol_owner,DOB violations 2020-26,765821,108.58935009876105
log_bldgarea,1.0412436085978045,0.029930077030050985,34.78920577292048,0.0,0.982581735564395,1.099905481631214,ppml_dobviol_owner,DOB violations 2020-26,765821,183.27376416431073
log2_area_per_unit,-0.28969906421264724,0.025606086976457818,-11.313679613718252,0.0,-0.3398860724715047,-0.23951205595378977,ppml_dobviol_owner,DOB violations 2020-26,765821,-25.151121924992626
value_rank,-0.18443557101422162,0.026468603172627822,-6.968088561807953,3.212763388660278e-12,-0.23631307995365478,-0.13255806207478846,ppml_dobviol_owner,DOB violations 2020-26,765821,-16.842648438831787
any_prior_viol,1.0533790557974632,0.014660026436940359,71.85383057312617,0.0,1.024645931968655,1.0821121796262714,ppml_dobviol_owner,DOB violations 2020-26,765821,186.73236133880917
geo_nyc_other,-0.012444032559749633,0.011635520421074212,-1.0694865471776447,0.28485048751803443,-0.035249233526435414,0.010361168406936152,ppml_dobviol_owner,DOB violations 2020-26,765821,-1.2366925757826164
geo_outside_nyc,0.057777013017272776,0.016033575621815895,3.603501450958897,0.0003139589939213927,0.02635178225511421,0.08920224377943134,ppml_dobviol_owner,DOB violations 2020-26,765821,5.947871940509253
geo_unknown,-0.042497135220232095,0.013032940215551049,-3.2607481134244782,0.0011111870308397886,-0.06804122865537585,-0.016953041785088344,ppml_dobviol_owner,DOB violations 2020-26,765821,-4.160678889750491
multi_prop_owner,0.01095098106322883,0.015246179549797765,0.7182770626215071,0.4725864701722782,-0.018930981756205893,0.04083294388266355,ppml_dobviol_owner,DOB violations 2020-26,765821,1.1011162537791108
p_black,-0.03807086268789309,0.06576768564734169,-0.5788688215674183,0.562677689287056,-0.16697315790323466,0.09083143252744849,bisg_ppml_ecb,ECB citations 2020-26,458649,-3.735527711837716
p_hispanic,-0.031350731690902384,0.05931652790452947,-0.5285328187341257,0.5971295748089833,-0.1476089900717453,0.08490752668994053,bisg_ppml_ecb,ECB citations 2020-26,458649,-3.086439310906508
p_asian,0.13955249745563383,0.044291900379739776,3.1507453114264803,0.0016285443261352395,0.052741967904507914,0.22636302700675975,bisg_ppml_ecb,ECB citations 2020-26,458649,14.975916356441065
owner_occ_star,-0.17171881705167066,0.03193936143628663,-5.376401071581199,7.598942008968379e-08,-0.23431881515599995,-0.10911881894734136,bisg_ppml_ecb,ECB citations 2020-26,458649,-15.778404335697903
era_pre1940,0.37313751880104107,0.05414196057675112,6.891836106896885,5.5075943805604766e-12,0.2670212260182214,0.4792538115838607,bisg_ppml_ecb,ECB citations 2020-26,458649,45.228404246131795
era_4079,0.08471383556071063,0.05361192157802296,1.580130558040606,0.11407697051447063,-0.02036359987420018,0.18979127099562143,bisg_ppml_ecb,ECB citations 2020-26,458649,8.84055591627777
era_8099,-0.39485359902234424,0.08107641539848814,-4.870141299188558,1.1151847287838024e-06,-0.5537604531989897,-0.23594674484569877,bisg_ppml_ecb,ECB citations 2020-26,458649,-32.62213261148318
era_unknown,1.4720570025383386,0.22036088056847494,6.680210202195628,2.3860025066824164e-11,1.0401576130225954,1.9039563920540818,bisg_ppml_ecb,ECB citations 2020-26,458649,335.81907364711947
com_class,0.008781619690602942,0.08475821911428344,0.10360788348752675,0.9174805312195327,-0.15734143716714702,0.17490467654835293,bisg_ppml_ecb,ECB citations 2020-26,458649,0.8820291229492572
log_bldgarea,1.1095196652163595,0.14163249940980271,7.833792878328369,4.6629367034256575e-15,0.8319250673327556,1.3871142630999633,bisg_ppml_ecb,ECB citations 2020-26,458649,203.29012365426235
mzone,0.1753161176762734,0.13735252481851948,1.2763953040391087,0.20181581541387894,-0.09388988415366875,0.44452211950621556,bisg_ppml_ecb,ECB citations 2020-26,458649,19.16228501253421
multi_bldg,-0.0058070529385928485,0.027637462295407485,-0.21011527312179476,0.8335777053252942,-0.059975483661675225,0.048361377784489526,bisg_ppml_ecb,ECB citations 2020-26,458649,-0.5790224596791571
log2_area_per_unit,-0.08245991536906876,0.09758244082231148,-0.8450282107538237,0.3980950883012935,-0.27371798490431043,0.1087981541661729,bisg_ppml_ecb,ECB citations 2020-26,458649,-7.915165101677224
value_rank,-0.23615191589887594,0.09022821413801516,-2.6172735230872743,0.008863528466040105,-0.41299596599875343,-0.059307865798998466,bisg_ppml_ecb,ECB citations 2020-26,458649,-21.033929719520096
any_prior_viol,1.0056284062854626,0.030949125686302113,32.492950414122596,0.0,0.944969234587307,1.0662875779836183,bisg_ppml_ecb,ECB citations 2020-26,458649,173.36245600480015
geo_nyc_other,0.06223863833293702,0.02715704844944116,2.2918042234526323,0.021916942864191435,0.00901180144562301,0.11546547522025102,bisg_ppml_ecb,ECB citations 2020-26,458649,6.421627722609635
geo_outside_nyc,0.1631389580296404,0.05243718142313053,3.1111313309009834,0.0018637203110707379,0.06036397098951177,0.26591394506976906,bisg_ppml_ecb,ECB citations 2020-26,458649,17.72002597521043
geo_unknown,-0.566033132967239,0.030009485377000787,-18.861807387108534,0.0,-0.6248506435007419,-0.5072156224337361,bisg_ppml_ecb,ECB citations 2020-26,458649,-43.22267416282679
multi_prop_owner,0.23825959857736742,0.03145365856206408,7.5749407054583395,3.597122599785507e-14,0.17661156061370192,0.2999076365410329,bisg_ppml_ecb,ECB citations 2020-26,458649,26.903859068021863
p_black,-0.04220603109909822,0.0524163534288712,-0.805207312949987,0.42070005713948255,-0.14494019602060837,0.06052813382241193,bisg_ppml_viol,disposition violations 2020-26,458445,-4.132775607225414
p_hispanic,0.010741545087269901,0.04556757699040621,0.23572780904131516,0.8136438894106308,-0.07856926467668235,0.10005235485122216,bisg_ppml_viol,disposition violations 2020-26,458445,1.0799442599919384
p_asian,0.1102420628832792,0.041046404536518075,2.685790975557903,0.007235833994517771,0.029792588296842268,0.19069153746971612,bisg_ppml_viol,disposition violations 2020-26,458445,11.654831265363086
owner_occ_star,-0.14188653664387726,0.025333709391506885,-5.600701202147865,2.1348645296015434e-08,-0.1915396946460349,-0.09223337864171963,bisg_ppml_viol,disposition violations 2020-26,458445,-13.228029470942138
era_pre1940,0.3265892106617717,0.044212080387120094,7.386877247172336,1.503241975342462e-13,0.23993512542142661,0.41324329590211684,bisg_ppml_viol,disposition violations 2020-26,458445,38.62319109131216
era_4079,0.06061474065910555,0.04651705041024169,1.303065007874187,0.1925525687145564,-0.03055700281200234,0.15178648413021345,bisg_ppml_viol,disposition violations 2020-26,458445,6.248950132220732
era_8099,-0.2720748270604059,0.07871505063289354,-3.4564524175851954,0.00054733583041644,-0.4263534913421241,-0.11779616277868776,bisg_ppml_viol,disposition violations 2020-26,458445,-23.82027440921859
era_unknown,1.0798467354771537,0.2526028633704237,4.274879235607227,1.9124092570654838e-05,0.5847542208794311,1.5749392500748765,bisg_ppml_viol,disposition violations 2020-26,458445,194.42282707427094
com_class,0.22206151600961158,0.08252895258736802,2.690710460362738,0.007130004627232012,0.060307741256556524,0.3838152907626666,bisg_ppml_viol,disposition violations 2020-26,458445,24.864818735564743
log_bldgarea,0.937633366218233,0.13216335704973067,7.094503250741569,1.298072760391733e-12,0.678597946324853,1.196668786111613,bisg_ppml_viol,disposition violations 2020-26,458445,155.39300433426487
mzone,0.0261095725960347,0.12083147806697542,0.2160825392002776,0.828923409910324,-0.21071577261397864,0.26293491780604805,bisg_ppml_viol,disposition violations 2020-26,458445,2.64534134770118
multi_bldg,-0.00924178418299249,0.02250563740419044,-0.4106430765329808,0.6813342724014668,-0.05335202294432328,0.034868454578338294,bisg_ppml_viol,disposition violations 2020-26,458445,-0.9199210149837378
log2_area_per_unit,-0.258819898197969,0.09137558394009264,-2.8324842046170198,0.004618784807477461,-0.43791275178686717,-0.07972704460907085,bisg_ppml_viol,disposition violations 2020-26,458445,-22.803795772056567
value_rank,-0.23431139156027933,0.07885895040925925,-2.971272003295235,0.0029656898729431003,-0.3888720942210576,-0.07975068889950102,bisg_ppml_viol,disposition violations 2020-26,458445,-20.888456913191344
any_prior_viol,0.7523472144825177,0.023013991238941243,32.69086212258111,0.0,0.7072406205136725,0.7974538084513629,bisg_ppml_viol,disposition violations 2020-26,458445,112.19749059932988
geo_nyc_other,0.06246381178175857,0.020133568523991823,3.1024709657070795,0.0019191237224596147,0.02300274259446533,0.1019248809690518,bisg_ppml_viol,disposition violations 2020-26,458445,6.4455937457079004
geo_outside_nyc,0.06673057172963225,0.04064222690555202,1.641902445077791,0.10061022307323553,-0.012926729256754504,0.146387872716019,bisg_ppml_viol,disposition violations 2020-26,458445,6.900741855084913
geo_unknown,-0.4281120986178106,0.023439772517124424,-18.264345283429872,0.0,-0.47405320855718625,-0.3821709886784349,bisg_ppml_viol,disposition violations 2020-26,458445,-34.82616482647295
multi_prop_owner,0.21718904781089646,0.02597028894504143,8.362981569843676,0.0,0.16628821681051653,0.2680898788112764,bisg_ppml_viol,disposition violations 2020-26,458445,24.25789867721666
