variable,quintile,range_lo,range_hi,n_lots,caller_per100_yr,agency_per100_yr,ecb_per100_yr,dobviol_per100_yr,any_caller_share,hit_rate,noaccess_rate,n_caller_complaints
poverty,1,0.0,0.056325232795821,152087,6.044216489553698,2.823366905767111,3.347031633209939,5.882928081406583,0.15197222642303418,0.23141864814320065,0.2806349938499385,52032
poverty,2,0.056325232795821,0.0911513859275053,152086,7.3042405433289534,2.9784242032575214,3.815630630038268,6.545442248925805,0.17275094354509948,0.24439928049150839,0.3063760836101434,61715
poverty,3,0.0911513859275053,0.1285869960043588,152086,8.733302125198815,3.1394062586940295,4.618018752547901,6.971721911953097,0.20863195823415698,0.26728575546678746,0.3553585176139531,75338
poverty,4,0.1285869960043588,0.1953793496862521,152086,10.143406558592703,3.875763388144541,5.981142248464685,9.236127679639901,0.21869863103770235,0.28170437888565025,0.3059670950315135,85519
poverty,5,0.1953793496862521,0.7699115044247787,152086,14.45713131206865,6.15215827135399,10.237996922793682,16.46904835627006,0.26464631853030524,0.3140309251172014,0.2528710039307705,116771
income,1,11612.0,66161.0,152087,14.063857332512772,5.6922306687243855,9.677197919611801,15.607778835405128,0.25205310118550567,0.3221933422357879,0.25317661724767376,112305
income,2,66161.0,83351.0,152086,9.652775061819945,3.2915758018660326,5.2377733650697635,8.01631202851565,0.22077640282471758,0.2852673806632071,0.3374381233387793,82018
income,3,83351.0,98603.0,152086,7.202794181214285,2.614856836810205,3.869494891048485,5.75375074014002,0.18226529726602053,0.2711768469754393,0.3468882602545969,62216
income,4,98603.0,117832.0,152086,6.246944013733856,2.130578546553718,3.0350196599292505,4.038692393965069,0.16235550938284918,0.26121040161464887,0.36614443311393347,53935
income,5,117832.0,250001.0,152086,9.515873708501562,5.239858309831877,6.180292729113791,11.688670337066638,0.19924910905671792,0.2204476941825412,0.22913190195424038,80901
foreign_born,1,0.0144555091551557,0.2242676167854315,152087,9.479946500204642,4.900851776653127,6.1756231630579865,11.71882224963685,0.1890957149526258,0.24096918464638523,0.2209189534141672,78350
foreign_born,2,0.2242676167854315,0.3280851535646967,152086,10.624815658809583,4.734061094278339,6.928395776074065,11.937060217638312,0.20700787712215457,0.26573101170819574,0.24464550948444957,88197
foreign_born,3,0.3280851535646967,0.4166666666666667,152086,8.914675924131101,3.5608697812976966,5.525294898938759,8.268800752001045,0.19493576003050905,0.29268521647703805,0.28976424151909536,74992
foreign_born,4,0.4166666666666667,0.5196153846153846,152086,8.545882532968786,3.031914103281619,4.884815170364136,6.6735310899796785,0.19439659140223295,0.3001810893849065,0.31813199772465556,72077
foreign_born,5,0.5196153846153846,0.8442541982219295,152086,9.116953821923378,2.7414086117714325,4.4856725799876385,6.507015596609642,0.23126389016740528,0.29711663614904366,0.4170578325338546,77759
black,1,0.0,0.0052784375824755,152087,5.680753984027768,2.181287385150963,2.846896841939153,4.696115919297388,0.15602911491448973,0.24875872038212557,0.3536842960435454,49236
black,2,0.0052784375824755,0.0259829059829059,152086,8.957201419360986,3.871049718793758,5.109319726996568,8.846635131763282,0.20036689767631471,0.24840204391860954,0.2848966655316028,76354
black,3,0.0259829059829059,0.0998896247240618,152086,11.20531428646574,4.690510888320023,6.536933051036914,11.260341252582485,0.2322633246978683,0.24858486327832519,0.2990805273322697,95272
black,4,0.0998896247240618,0.4688448074679113,152086,13.561636606492804,5.326856250675668,8.915482029904133,13.485910483661756,0.25265967939192296,0.30853239782320346,0.27128932891301794,110701
black,5,0.4688448074679113,0.9335463258785942,152086,7.277393122244062,2.8994190060954916,4.591191825677577,6.816273294450115,0.17538103441473904,0.31915047316333167,0.3056744465993446,59812
hispanic,1,0.0,0.077433628318584,152087,7.420189008358938,3.4640118407961813,4.60894093512266,7.703212250609464,0.17438702847712165,0.2659780784903358,0.27113179378037544,62962
hispanic,2,0.077433628318584,0.1320113314447592,152086,8.163050604826967,3.7173431095291094,4.944360427652775,8.410620716815895,0.18849203739989218,0.2548005612347164,0.28251959444883873,69535
hispanic,3,0.1320113314447592,0.208041958041958,152086,9.024934798510275,3.4332932956080384,4.964980340070749,8.133333993702468,0.19617190273923965,0.26285617939639183,0.2988717113472476,76133
hispanic,4,0.208041958041958,0.3591151031270791,152086,9.299352331584094,3.2935227522500514,4.840524440119406,7.84897676656287,0.21168943887011296,0.26701366551650196,0.34192431045542016,77950
hispanic,5,0.3591151031270791,0.945528967254408,152086,12.774761238130647,5.060943816647826,8.64100574674855,13.009112581722814,0.24595952290151624,0.31458994956099384,0.2848704613769741,104795
asian,1,0.0,0.0240025948751216,152087,9.516016080679728,4.0236026901553865,6.693326845818512,9.808466599645332,0.1897663837145844,0.32066628334465874,0.25240328253223915,76770
asian,2,0.0240025948751216,0.0676149649259548,152086,10.086022757800567,4.284827910934193,6.475283721052564,10.1724058722073,0.2092105782254777,0.2798237632297304,0.260762331838565,84740
asian,3,0.0676149649259548,0.1427619893428064,152086,10.0632741796294,4.54397725415439,6.191128703496706,11.001396851507973,0.209164551635259,0.25762583813391254,0.252426841752268,84987
asian,4,0.1427619893428064,0.3099601593625498,152086,9.03436213721184,3.616921458142872,5.061978091343056,9.040202988363896,0.19905842746866903,0.25736877203010383,0.3110939017667288,76186
asian,5,0.3099601593625498,0.9124087591240876,152086,7.982599045550271,2.499781822007405,3.578080822692424,5.082770155163406,0.20949988822113805,0.2646655144367629,0.42724043556746055,68692
renter,1,0.0046620046620046,0.2541751527494908,152087,3.876557667479968,1.202080251571661,1.4686330850105531,1.4110173952895553,0.11646623314287217,0.25673404959519325,0.4110008097651681,33343
renter,2,0.2541751527494908,0.4039301310043668,152086,5.328188374622629,1.7630148082655217,2.3399392449009113,3.2181040426375302,0.15368278474021277,0.2721617984067513,0.4041054320024277,46134
renter,3,0.4039301310043668,0.5764299802761341,152086,7.60960434040139,3.019412632394761,4.048130662914404,6.820167195218153,0.19542890206856647,0.2559970617266947,0.3363143301136537,65638
renter,4,0.5764299802761341,0.7572209211553473,152086,10.784260648153445,4.673090805936695,6.713359546572334,11.478604637738284,0.23895033073392685,0.2598140259264349,0.2839712683262816,91467
renter,5,0.7572209211553473,1.0,152086,19.083700250934577,8.311531189376618,13.42976999855345,22.177404411140586,0.3121720605446918,0.29803796565810775,0.22985535521632114,154793
overcrowd,1,0.0,0.0260718424101969,152087,7.249165912299513,3.4564290312644865,4.355822654138749,7.799739366539947,0.1659510674811128,0.24078019636699102,0.2623503297201834,61719
overcrowd,2,0.0260718424101969,0.0510948905109489,152086,8.48255540995175,3.77093548062605,5.033152295411806,8.331000693216808,0.18674302697158188,0.25421076312134433,0.28323448169492,71319
overcrowd,3,0.0510948905109489,0.0833333333333333,152086,9.367803008243285,3.765811926983895,5.585576581670897,9.275066687320281,0.2015570137948266,0.26995875880202425,0.29770442041358375,79065
overcrowd,4,0.0833333333333333,0.134599504541701,152086,9.855052959612221,3.5528770376159353,5.66311166050787,8.474050310905774,0.2143589811027971,0.28701216063348417,0.31133373096539385,82153
overcrowd,5,0.134599504541701,0.5547652916073968,152086,11.727711815819859,4.4230613881995335,7.362150362295019,11.225398616742988,0.24808989650592428,0.3156339084771193,0.313728518621485,97119
all,0,,,760431,9.33645507630524,3.7938225292502015,5.599961074706318,9.021049528866806,0.20333994800317187,0.27676934193660835,0.2963296071542638,391375
