outcome,outcome_label,spec,entry,term,term_label,estimate,std_error,ci_lo,ci_hi,pct_change,pct_lo,pct_hi,p,n,fe,cluster,window
n_caller,caller complaints,total,bivariate,tract_poverty10,Tract poverty rate (+10 pp),0.08193321202845638,0.009217066257685187,0.06386809412027403,0.09999832993663874,8.538331685866641,6.595178417992642,10.516907237173069,0.0,760431,size_bin + comm_bin + borocode,bct2020,2020-01-01..2026-05-31
n_caller,caller complaints,direct,bivariate,tract_poverty10,Tract poverty rate (+10 pp),0.05285947765041672,0.008763832500730213,0.035682681582443906,0.07003627371838954,5.428148459832949,3.6326948683590654,7.2547085819556045,1.623963186148103e-09,760431,size_bin + comm_bin + borocode,bct2020,2020-01-01..2026-05-31
n_caller,caller complaints,total,bivariate,tract_log_income_z,Tract log median income (+1 SD),-0.07848932476942296,0.00820819938920722,-0.09457709995019278,-0.06240154958865313,-7.548807074310959,-9.024241034287217,-6.049444703129336,0.0,760431,size_bin + comm_bin + borocode,bct2020,2020-01-01..2026-05-31
n_caller,caller complaints,direct,bivariate,tract_log_income_z,Tract log median income (+1 SD),-0.05900058778258168,0.008497676089590614,-0.07565572687046646,-0.04234544869469691,-5.7293784949356,-7.286466059340324,-4.146140253491892,3.834710327055291e-12,760431,size_bin + comm_bin + borocode,bct2020,2020-01-01..2026-05-31
n_caller,caller complaints,total,bivariate,tract_renter10,Tract renter share (+10 pp),0.04874014780243191,0.0057638860760656375,0.037443138682351364,0.06003715692251246,4.994748412798744,3.8152964658018984,6.187600185665487,0.0,760431,size_bin + comm_bin + borocode,bct2020,2020-01-01..2026-05-31
n_caller,caller complaints,direct,bivariate,tract_renter10,Tract renter share (+10 pp),0.020440949726136186,0.005619297989690349,0.00942732804794477,0.0314545714043276,2.0651296725095136,0.9471905276273063,3.195449428730468,0.0002751539899734645,760431,size_bin + comm_bin + borocode,bct2020,2020-01-01..2026-05-31
n_caller,caller complaints,total,bivariate,tract_foreign10,Tract foreign-born share (+10 pp),0.045876310570739605,0.008814030033945524,0.028601129145552025,0.06315149199592718,4.694490692995745,2.9014068886331845,6.518819449460356,1.940814586820494e-07,760431,size_bin + comm_bin + borocode,bct2020,2020-01-01..2026-05-31
n_caller,caller complaints,direct,bivariate,tract_foreign10,Tract foreign-born share (+10 pp),0.04195891270329552,0.008587031497765435,0.025128640233564228,0.05878918517302681,4.285162991616076,2.544702578498992,6.0551637161627925,1.0274248258834717e-06,760431,size_bin + comm_bin + borocode,bct2020,2020-01-01..2026-05-31
n_caller,caller complaints,total,bivariate,tract_overcrowd10,Tract overcrowded-household share (+10 pp),0.07924184396112045,0.014114719312182252,0.051577502457351265,0.10690618546488964,8.246607830111197,5.29307878534111,11.282984996704016,1.9755569180546217e-08,760431,size_bin + comm_bin + borocode,bct2020,2020-01-01..2026-05-31
n_caller,caller complaints,direct,bivariate,tract_overcrowd10,Tract overcrowded-household share (+10 pp),0.05171678590369726,0.01326113701455709,0.025725434961114343,0.07770813684628017,5.307745389614604,2.6059189813323336,8.080716484411688,9.624208856751082e-05,760431,size_bin + comm_bin + borocode,bct2020,2020-01-01..2026-05-31
n_caller,caller complaints,total,bivariate,tract_black10,Tract Black share (+10 pp),-0.004430692292641801,0.0040734808428089485,-0.012414568036261207,0.003553183450977604,-0.4420891256014525,-1.2337825191197194,0.35595034904987166,0.27673112578663295,760431,size_bin + comm_bin + borocode,bct2020,2020-01-01..2026-05-31
n_caller,caller complaints,direct,bivariate,tract_black10,Tract Black share (+10 pp),-0.009301108381866758,0.003858158323422901,-0.016862959742429084,-0.0017392570213044323,-0.9257986869481094,-1.6721575869162009,-0.17377453903100193,0.01591915473240868,760431,size_bin + comm_bin + borocode,bct2020,2020-01-01..2026-05-31
n_caller,caller complaints,total,bivariate,tract_hispanic10,Tract Hispanic share (+10 pp),0.03541107728686041,0.004888204834693358,0.02583037186180686,0.04499178271191396,3.604551605358486,2.6166866934182353,4.601926443176185,4.3498538104813633e-13,760431,size_bin + comm_bin + borocode,bct2020,2020-01-01..2026-05-31
n_caller,caller complaints,direct,bivariate,tract_hispanic10,Tract Hispanic share (+10 pp),0.01757198119638692,0.00477629211211234,0.008210620677003986,0.026933341715769856,1.7727276741229092,0.8244420264824637,2.7299322470898613,0.00023414978453151214,760431,size_bin + comm_bin + borocode,bct2020,2020-01-01..2026-05-31
n_caller,caller complaints,total,bivariate,tract_asian10,Tract Asian share (+10 pp),0.023643121462483253,0.005854156042372876,0.012169186459554874,0.035117056465411634,2.3924835880202,1.2243532279069491,3.57409418776653,5.375054560952108e-05,760431,size_bin + comm_bin + borocode,bct2020,2020-01-01..2026-05-31
n_caller,caller complaints,direct,bivariate,tract_asian10,Tract Asian share (+10 pp),0.0323142858982113,0.005463099945478532,0.021606806761130644,0.04302176503529196,3.2842061995816074,2.1841924135468815,4.396061644300375,3.318572305843759e-09,760431,size_bin + comm_bin + borocode,bct2020,2020-01-01..2026-05-31
n_caller,caller complaints,total,joint,tract_poverty10,Tract poverty rate (+10 pp),0.023061412215020147,0.01928303441301951,-0.014732640747144556,0.06085546517718485,2.332938254161099,-1.4624646393269547,6.274529938257456,0.23171875905204686,760431,size_bin + comm_bin + borocode,bct2020,2020-01-01..2026-05-31
n_caller,caller complaints,total,joint,tract_log_income_z,Tract log median income (+1 SD),-0.02846465136932609,0.016635550124832567,-0.06106973047700873,0.004140427738356545,-2.8063349831400908,-5.924236199003296,0.4149011151530324,0.08706751886675113,760431,size_bin + comm_bin + borocode,bct2020,2020-01-01..2026-05-31
n_caller,caller complaints,total,joint,tract_renter10,Tract renter share (+10 pp),0.02980768483156048,0.007346809821813992,0.015408202179539922,0.04420716748358104,3.025638097077321,1.5527520566330777,4.519886367930903,4.965853165694867e-05,760431,size_bin + comm_bin + borocode,bct2020,2020-01-01..2026-05-31
n_caller,caller complaints,total,joint,tract_foreign10,Tract foreign-born share (+10 pp),0.01961469501539968,0.014527585256501569,-0.008858848869678485,0.048088238900477843,1.980832708493252,-0.881972488442706,4.926323707410574,0.1769617848533529,760431,size_bin + comm_bin + borocode,bct2020,2020-01-01..2026-05-31
n_caller,caller complaints,total,joint,tract_overcrowd10,Tract overcrowded-household share (+10 pp),0.001507861422916626,0.018936298578498278,-0.03560660179143703,0.03862232463727028,0.15089988175580604,-3.4980144098820554,3.937786210199934,0.9365330478695288,760431,size_bin + comm_bin + borocode,bct2020,2020-01-01..2026-05-31
n_caller,caller complaints,total,joint,tract_black10,Tract Black share (+10 pp),-0.004230375075271837,0.0056809181096515535,-0.01536476996931025,0.006904019818766576,-0.4221439643150249,-1.524733411879764,0.692790750564054,0.4564748810287569,760431,size_bin + comm_bin + borocode,bct2020,2020-01-01..2026-05-31
n_caller,caller complaints,total,joint,tract_hispanic10,Tract Hispanic share (+10 pp),0.008823850054093594,0.00680997383656324,-0.004523453401230417,0.022171153509417604,0.8862894976667368,-0.4513237994670183,2.2418760055046283,0.19507041190340568,760431,size_bin + comm_bin + borocode,bct2020,2020-01-01..2026-05-31
n_caller,caller complaints,total,joint,tract_asian10,Tract Asian share (+10 pp),0.013696133320262057,0.009481600692156002,-0.004887462552153761,0.032279729192677874,1.379035502047543,-0.4875538341341912,3.2806370993502476,0.14859953235390466,760431,size_bin + comm_bin + borocode,bct2020,2020-01-01..2026-05-31
n_caller,caller complaints,direct,joint,tract_poverty10,Tract poverty rate (+10 pp),0.012594377166239472,0.018111234981384425,-0.02290299111281597,0.04809174544529491,1.2674020335170955,-2.2642708482162877,4.926691636912239,0.4868107364160368,760431,size_bin + comm_bin + borocode,bct2020,2020-01-01..2026-05-31
n_caller,caller complaints,direct,joint,tract_log_income_z,Tract log median income (+1 SD),-0.041071501173849584,0.01638785329551753,-0.07319110341698998,-0.008951898930709183,-4.023949650822201,-7.0576802895592206,-0.8911949978677169,0.012203102456878279,760431,size_bin + comm_bin + borocode,bct2020,2020-01-01..2026-05-31
n_caller,caller complaints,direct,joint,tract_renter10,Tract renter share (+10 pp),0.0038178520526516964,0.006798042702193291,-0.009506066809012507,0.017141770914315898,0.38251493334904296,-0.9461026986097298,1.728953416986001,0.5743814357614383,760431,size_bin + comm_bin + borocode,bct2020,2020-01-01..2026-05-31
n_caller,caller complaints,direct,joint,tract_foreign10,Tract foreign-born share (+10 pp),0.018961795433768944,0.014241402758050975,-0.008950841061340364,0.04687443192887825,1.9142711968395565,-0.8910901536432703,4.799040668337762,0.18303914561033752,760431,size_bin + comm_bin + borocode,bct2020,2020-01-01..2026-05-31
n_caller,caller complaints,direct,joint,tract_overcrowd10,Tract overcrowded-household share (+10 pp),-0.004726683634504846,0.017970410207539242,-0.039948040428692724,0.03049467315968303,-0.47155304448669444,-3.916063734331121,3.0964398251431824,0.7925306028851926,760431,size_bin + comm_bin + borocode,bct2020,2020-01-01..2026-05-31
n_caller,caller complaints,direct,joint,tract_black10,Tract Black share (+10 pp),-0.007541076388489747,0.005485685483406379,-0.018292822366480447,0.0032106695895009535,-0.7512713811508531,-1.8126524255900445,0.32158293096817836,0.169229867658661,760431,size_bin + comm_bin + borocode,bct2020,2020-01-01..2026-05-31
n_caller,caller complaints,direct,joint,tract_hispanic10,Tract Hispanic share (+10 pp),0.003514249024545345,0.006697854962897509,-0.009613305476406635,0.016641803525497326,0.35204312374725877,-0.9567245370104449,1.678104970120664,0.5998037442893129,760431,size_bin + comm_bin + borocode,bct2020,2020-01-01..2026-05-31
n_caller,caller complaints,direct,joint,tract_asian10,Tract Asian share (+10 pp),0.01773545044141811,0.009078439882682374,-5.7964764451381295e-05,0.035528865647287605,1.7893657449499445,-0.0057963084526879705,3.616755734362931,0.050751013969069,760431,size_bin + comm_bin + borocode,bct2020,2020-01-01..2026-05-31
n_agency,agency-initiated complaints,total,bivariate,tract_poverty10,Tract poverty rate (+10 pp),0.06180209911866862,0.010055453840207687,0.04209377174365657,0.08151042649368068,6.375180647584866,4.299227736978728,8.49245294837786,7.939757740160758e-10,760431,size_bin + comm_bin + borocode,bct2020,2020-01-01..2026-05-31
n_agency,agency-initiated complaints,direct,bivariate,tract_poverty10,Tract poverty rate (+10 pp),0.03989873562007806,0.009057500441584588,0.02214636096461663,0.0576511102755395,4.0705382471027285,2.239341200635492,5.934533652632257,1.0575984203065047e-05,760431,size_bin + comm_bin + borocode,bct2020,2020-01-01..2026-05-31
n_agency,agency-initiated complaints,total,bivariate,tract_log_income_z,Tract log median income (+1 SD),-0.002747822848676305,0.009254747259654066,-0.020886794163619042,0.01539114846626643,-0.27440510390183137,-2.0670175853799044,1.5510202198845358,0.7665355645633685,760431,size_bin + comm_bin + borocode,bct2020,2020-01-01..2026-05-31
n_agency,agency-initiated complaints,direct,bivariate,tract_log_income_z,Tract log median income (+1 SD),-0.0015776523991277134,0.00852288997358702,-0.018282209791555808,0.015126904993300381,-0.15764085597828048,-1.8116103994779809,1.5241895706864739,0.8531445770893316,760431,size_bin + comm_bin + borocode,bct2020,2020-01-01..2026-05-31
n_agency,agency-initiated complaints,total,bivariate,tract_renter10,Tract renter share (+10 pp),0.03758330535563394,0.005873894163617883,0.02607068434594287,0.04909592636532502,3.829848930404811,2.6413497276101428,5.032109939321372,1.5705192701886972e-10,760431,size_bin + comm_bin + borocode,bct2020,2020-01-01..2026-05-31
n_agency,agency-initiated complaints,direct,bivariate,tract_renter10,Tract renter share (+10 pp),0.009609813473087505,0.0053898440964113715,-0.0009540868381646157,0.020173713784339624,0.965613599527626,-0.09536318420306777,2.037857845625357,0.07459471646101057,760431,size_bin + comm_bin + borocode,bct2020,2020-01-01..2026-05-31
n_agency,agency-initiated complaints,total,bivariate,tract_foreign10,Tract foreign-born share (+10 pp),-0.0441440531781191,0.008124629301133683,-0.06006803399607995,-0.028220072360158246,-4.318388485728974,-5.82995362408496,-2.7825605456072044,5.530201496739551e-08,760431,size_bin + comm_bin + borocode,bct2020,2020-01-01..2026-05-31
n_agency,agency-initiated complaints,direct,bivariate,tract_foreign10,Tract foreign-born share (+10 pp),-0.026118007477166916,0.007626294358002315,-0.04106526975435247,-0.011170745199981362,-2.577988243317686,-4.023351581927392,-1.1108584103051156,0.0006154081938578582,760431,size_bin + comm_bin + borocode,bct2020,2020-01-01..2026-05-31
n_agency,agency-initiated complaints,total,bivariate,tract_overcrowd10,Tract overcrowded-household share (+10 pp),0.018133521286159755,0.013037993399439889,-0.00742047620741338,0.04368751877973289,1.829893189619658,-0.7393012447220126,4.46558685401135,0.16427956758109885,760431,size_bin + comm_bin + borocode,bct2020,2020-01-01..2026-05-31
n_agency,agency-initiated complaints,direct,bivariate,tract_overcrowd10,Tract overcrowded-household share (+10 pp),0.0002931506018690158,0.011692195413388779,-0.022623131308577404,0.023209432512315435,0.029319357470569685,-2.23691471842673,2.3480867272176686,0.9799972693362011,760431,size_bin + comm_bin + borocode,bct2020,2020-01-01..2026-05-31
n_agency,agency-initiated complaints,total,bivariate,tract_black10,Tract Black share (+10 pp),0.003540788235962852,0.004273206097863266,-0.004834541814366092,0.011916118286291796,0.3547064231766761,-0.4822874227140783,1.1987398068533661,0.4073295079784667,760431,size_bin + comm_bin + borocode,bct2020,2020-01-01..2026-05-31
n_agency,agency-initiated complaints,direct,bivariate,tract_black10,Tract Black share (+10 pp),0.005457159112919269,0.0038521497898067404,-0.0020929157381554837,0.013007233963994022,0.5472076528937331,-0.20907271171446418,1.3092196005770163,0.15658443839542113,760431,size_bin + comm_bin + borocode,bct2020,2020-01-01..2026-05-31
n_agency,agency-initiated complaints,total,bivariate,tract_hispanic10,Tract Hispanic share (+10 pp),0.003351331827566589,0.005656461181010713,-0.007735128367163311,0.014437792022296489,0.33569538187074865,-0.7705289247775249,1.4542520349817956,0.5535301910219601,760431,size_bin + comm_bin + borocode,bct2020,2020-01-01..2026-05-31
n_agency,agency-initiated complaints,direct,bivariate,tract_hispanic10,Tract Hispanic share (+10 pp),-0.00964758200052522,0.005338061671885915,-0.020109990624675285,0.0008148266236248421,-0.9601193380493145,-1.9909133428653858,0.08151586850229098,0.07071250508993199,760431,size_bin + comm_bin + borocode,bct2020,2020-01-01..2026-05-31
n_agency,agency-initiated complaints,total,bivariate,tract_asian10,Tract Asian share (+10 pp),-0.008118484920539779,0.006877398674096268,-0.021597938629091987,0.00536096878801243,-0.808561902240923,-2.136637326030655,0.5375364494666801,0.2378178375246478,760431,size_bin + comm_bin + borocode,bct2020,2020-01-01..2026-05-31
n_agency,agency-initiated complaints,direct,bivariate,tract_asian10,Tract Asian share (+10 pp),0.008034829674412226,0.006451096483466692,-0.004609087093975485,0.020678746442799937,0.8067195545040651,-0.4598481552267164,2.0894033112129007,0.21294864166556415,760431,size_bin + comm_bin + borocode,bct2020,2020-01-01..2026-05-31
n_agency,agency-initiated complaints,total,joint,tract_poverty10,Tract poverty rate (+10 pp),0.10092064157744501,0.015360576076117863,0.0708144656864664,0.13102681746842362,10.618885287766355,7.338205818938404,13.999835277189243,5.027889216080439e-11,760431,size_bin + comm_bin + borocode,bct2020,2020-01-01..2026-05-31
n_agency,agency-initiated complaints,total,joint,tract_log_income_z,Tract log median income (+1 SD),0.08585737064020703,0.015284678317183139,0.05589995162324779,0.11581478965716627,8.965090101073535,5.749187809802603,12.278790094257829,1.940564908764486e-08,760431,size_bin + comm_bin + borocode,bct2020,2020-01-01..2026-05-31
n_agency,agency-initiated complaints,total,joint,tract_renter10,Tract renter share (+10 pp),0.043373447162058376,0.007132661004579377,0.029393688479149513,0.05735320584496724,4.432782329911422,2.982994686417606,5.902979985928458,1.1946290623399136e-09,760431,size_bin + comm_bin + borocode,bct2020,2020-01-01..2026-05-31
n_agency,agency-initiated complaints,total,joint,tract_foreign10,Tract foreign-born share (+10 pp),-0.06291575593281035,0.011460990549181068,-0.08537888463635918,-0.04045262722926152,-6.097742256181804,-8.183565987187736,-3.9645341905128473,4.0294405811991396e-08,760431,size_bin + comm_bin + borocode,bct2020,2020-01-01..2026-05-31
n_agency,agency-initiated complaints,total,joint,tract_overcrowd10,Tract overcrowded-household share (+10 pp),0.015690350705847244,0.015249319525516097,-0.014197766352907738,0.045578467764602226,1.5814090585436258,-1.4097453369457447,4.663312835381395,0.303516626448741,760431,size_bin + comm_bin + borocode,bct2020,2020-01-01..2026-05-31
n_agency,agency-initiated complaints,total,joint,tract_black10,Tract Black share (+10 pp),0.014794922966793564,0.005995170604823089,0.003044604500167093,0.026545241433420033,1.4904909584696036,0.304924401575013,2.690070467063377,0.013594365842853895,760431,size_bin + comm_bin + borocode,bct2020,2020-01-01..2026-05-31
n_agency,agency-initiated complaints,total,joint,tract_hispanic10,Tract Hispanic share (+10 pp),0.0022731746549063134,0.00798431618476928,-0.01337579750842173,0.017922146818234355,0.227576027522991,-1.3286739047115748,1.8083712248048611,0.775870167779714,760431,size_bin + comm_bin + borocode,bct2020,2020-01-01..2026-05-31
n_agency,agency-initiated complaints,total,joint,tract_asian10,Tract Asian share (+10 pp),0.033543739719105466,0.010816019714635918,0.012344730622343869,0.05474274881586706,3.411267453498734,1.2421241319918064,5.626885330825004,0.0019267190951730573,760431,size_bin + comm_bin + borocode,bct2020,2020-01-01..2026-05-31
n_agency,agency-initiated complaints,direct,joint,tract_poverty10,Tract poverty rate (+10 pp),0.0713178691788134,0.014319291152688093,0.0432525742354017,0.0993831641222251,7.3922538494521906,4.420159996736861,10.448941921038891,6.340556546469145e-07,760431,size_bin + comm_bin + borocode,bct2020,2020-01-01..2026-05-31
n_agency,agency-initiated complaints,direct,joint,tract_log_income_z,Tract log median income (+1 SD),0.04609959606992346,0.014483638491180907,0.01771218626211083,0.0744870058777361,4.717870064652141,1.7869977264387993,7.733134445609369,0.0014582106641747306,760431,size_bin + comm_bin + borocode,bct2020,2020-01-01..2026-05-31
n_agency,agency-initiated complaints,direct,joint,tract_renter10,Tract renter share (+10 pp),0.011422320246326445,0.006766979720675912,-0.001840716290311262,0.02468535678296415,1.1487804034326698,-0.18390232110661042,2.4992562824388775,0.09142091741571368,760431,size_bin + comm_bin + borocode,bct2020,2020-01-01..2026-05-31
n_agency,agency-initiated complaints,direct,joint,tract_foreign10,Tract foreign-born share (+10 pp),-0.045487494243832985,0.010262897397374618,-0.06560240351971709,-0.025372584967948874,-4.4468447858163955,-6.3496859368677665,-2.505340609634177,9.326461212655346e-06,760431,size_bin + comm_bin + borocode,bct2020,2020-01-01..2026-05-31
n_agency,agency-initiated complaints,direct,joint,tract_overcrowd10,Tract overcrowded-household share (+10 pp),0.0013568643964703417,0.014113164623623418,-0.02630442997371635,0.029018158766657035,0.135778535345632,-2.5961482052029305,2.944328772585547,0.9234079902609875,760431,size_bin + comm_bin + borocode,bct2020,2020-01-01..2026-05-31
n_agency,agency-initiated complaints,direct,joint,tract_black10,Tract Black share (+10 pp),0.015335236737278577,0.005401321424400671,0.004748841276528677,0.025921632198028476,1.545342485491008,0.476013489338456,2.6260519540797445,0.004523191898764267,760431,size_bin + comm_bin + borocode,bct2020,2020-01-01..2026-05-31
n_agency,agency-initiated complaints,direct,joint,tract_hispanic10,Tract Hispanic share (+10 pp),3.761161871536626e-06,0.007381251124380061,-0.014463225202759165,0.014470747526502238,0.00037611689447381025,-1.4359135191137185,1.4575955661050077,0.9995934330362772,760431,size_bin + comm_bin + borocode,bct2020,2020-01-01..2026-05-31
n_agency,agency-initiated complaints,direct,joint,tract_asian10,Tract Asian share (+10 pp),0.039006931605387894,0.009694280452450028,0.020006491062555174,0.05800737214822062,3.977769095382344,2.020796223896526,5.972280811510466,5.728949829775232e-05,760431,size_bin + comm_bin + borocode,bct2020,2020-01-01..2026-05-31
n_ecb_2020on,ECB citations,total,bivariate,tract_poverty10,Tract poverty rate (+10 pp),0.11540199914637876,0.008797776079987713,0.09815867488555487,0.13264532340720267,12.232452039756803,10.313781148798418,14.18449408298168,0.0,760431,size_bin + comm_bin + borocode,bct2020,2020-01-01..2026-05-31
n_ecb_2020on,ECB citations,direct,bivariate,tract_poverty10,Tract poverty rate (+10 pp),0.09259309265210634,0.008455746594234642,0.07602013386500922,0.10916605143920347,9.701526086698697,7.898429806279439,11.534754002974923,0.0,760431,size_bin + comm_bin + borocode,bct2020,2020-01-01..2026-05-31
n_ecb_2020on,ECB citations,total,bivariate,tract_log_income_z,Tract log median income (+1 SD),-0.08157384417808988,0.0078646949409595,-0.09698836301176487,-0.06615932534441489,-7.833535222746535,-9.243343258671066,-6.4018273199745295,0.0,760431,size_bin + comm_bin + borocode,bct2020,2020-01-01..2026-05-31
n_ecb_2020on,ECB citations,direct,bivariate,tract_log_income_z,Tract log median income (+1 SD),-0.07796869272337147,0.007710321945614732,-0.09308064604598515,-0.06285673940075778,-7.50066148859827,-8.887998089376214,-6.092200307046158,0.0,760431,size_bin + comm_bin + borocode,bct2020,2020-01-01..2026-05-31
n_ecb_2020on,ECB citations,total,bivariate,tract_renter10,Tract renter share (+10 pp),0.07549554629262739,0.00498678070873143,0.06572163570471466,0.08526945688054012,7.841842474726679,6.792940237149581,8.901046853077798,0.0,760431,size_bin + comm_bin + borocode,bct2020,2020-01-01..2026-05-31
n_ecb_2020on,ECB citations,direct,bivariate,tract_renter10,Tract renter share (+10 pp),0.041810002626765146,0.004922985036223141,0.03216112925933817,0.05145887599419212,4.269635036177211,3.2683887490161156,5.280588980634993,0.0,760431,size_bin + comm_bin + borocode,bct2020,2020-01-01..2026-05-31
n_ecb_2020on,ECB citations,total,bivariate,tract_foreign10,Tract foreign-born share (+10 pp),0.026078849767157415,0.007428235529159577,0.01151977566132381,0.04063792387299102,2.6421878408864785,1.1586383801521771,4.1474944054893825,0.0004468055276265481,760431,size_bin + comm_bin + borocode,bct2020,2020-01-01..2026-05-31
n_ecb_2020on,ECB citations,direct,bivariate,tract_foreign10,Tract foreign-born share (+10 pp),0.033187494752746426,0.006835449106690406,0.019790260685476742,0.04658472882001611,3.3744342712110686,1.9987386135078555,4.768684457806982,1.2026332389947214e-06,760431,size_bin + comm_bin + borocode,bct2020,2020-01-01..2026-05-31
n_ecb_2020on,ECB citations,total,bivariate,tract_overcrowd10,Tract overcrowded-household share (+10 pp),0.08297555358078923,0.011789378903299633,0.05986879553022562,0.10608231163135284,8.651524681636724,6.169723798343596,11.191339614547369,1.9479973190072997e-12,760431,size_bin + comm_bin + borocode,bct2020,2020-01-01..2026-05-31
n_ecb_2020on,ECB citations,direct,bivariate,tract_overcrowd10,Tract overcrowded-household share (+10 pp),0.05683257590246543,0.01119912590726168,0.03488269246590307,0.07878245933902779,5.847858073851664,3.5498229930654324,8.196892423201362,3.880401016065349e-07,760431,size_bin + comm_bin + borocode,bct2020,2020-01-01..2026-05-31
n_ecb_2020on,ECB citations,total,bivariate,tract_black10,Tract Black share (+10 pp),0.02154126934660993,0.004090607863823654,0.013523825258639242,0.02955871343458062,2.1774957452147747,1.3615685818397782,2.9999908528831387,1.3940447107785303e-07,760431,size_bin + comm_bin + borocode,bct2020,2020-01-01..2026-05-31
n_ecb_2020on,ECB citations,direct,bivariate,tract_black10,Tract Black share (+10 pp),0.021068870623351235,0.0037584310800955,0.013702481067988078,0.028435260178714394,2.1292386258771723,1.3796790326320973,2.884340154046372,2.0734055805604612e-08,760431,size_bin + comm_bin + borocode,bct2020,2020-01-01..2026-05-31
n_ecb_2020on,ECB citations,total,bivariate,tract_hispanic10,Tract Hispanic share (+10 pp),0.03557245903212191,0.005475052275899488,0.024841553757884854,0.046303364306358966,3.6212728379281467,2.515267606629479,4.739210414527384,8.183365096670059e-11,760431,size_bin + comm_bin + borocode,bct2020,2020-01-01..2026-05-31
n_ecb_2020on,ECB citations,direct,bivariate,tract_hispanic10,Tract Hispanic share (+10 pp),0.018960836973088147,0.005222940723152261,0.008724061262322128,0.029197612683854166,1.9141735160646212,0.8762226790176575,2.962804193330748,0.00028309298547513073,760431,size_bin + comm_bin + borocode,bct2020,2020-01-01..2026-05-31
n_ecb_2020on,ECB citations,total,bivariate,tract_asian10,Tract Asian share (+10 pp),-0.007538701402604096,0.006935474111999656,-0.021131980877833335,0.006054578072625145,-0.7510356665412998,-2.0910265080966384,0.6072944077872178,0.2770469388885315,760431,size_bin + comm_bin + borocode,bct2020,2020-01-01..2026-05-31
n_ecb_2020on,ECB citations,direct,bivariate,tract_asian10,Tract Asian share (+10 pp),0.007476436925317306,0.00641676459393074,-0.005100190576058732,0.020053064426693343,0.7504455262116627,-0.5087206686917423,2.025547786236004,0.2439618342007761,760431,size_bin + comm_bin + borocode,bct2020,2020-01-01..2026-05-31
n_ecb_2020on,ECB citations,total,joint,tract_poverty10,Tract poverty rate (+10 pp),0.0804621452624831,0.015234734000141057,0.050602615308158794,0.11032167521680741,8.378781936229117,5.190479935210512,11.663720720880267,1.2813518268650625e-07,760431,size_bin + comm_bin + borocode,bct2020,2020-01-01..2026-05-31
n_ecb_2020on,ECB citations,total,joint,tract_log_income_z,Tract log median income (+1 SD),0.0343486511713822,0.014276854749355897,0.006366530050135016,0.062330772292629386,3.4945378751287226,0.6386839479896711,6.431433220271332,0.016132784180116655,760431,size_bin + comm_bin + borocode,bct2020,2020-01-01..2026-05-31
n_ecb_2020on,ECB citations,total,joint,tract_renter10,Tract renter share (+10 pp),0.05925290498268442,0.006190236937216649,0.04712026352997026,0.07138554643539859,6.104355001099604,4.8248067512271176,7.399522108516354,0.0,760431,size_bin + comm_bin + borocode,bct2020,2020-01-01..2026-05-31
n_ecb_2020on,ECB citations,total,joint,tract_foreign10,Tract foreign-born share (+10 pp),0.0072787672095613685,0.010233689309241165,-0.012778895265523902,0.02733642968464664,0.7305321824795596,-1.2697591874413883,2.7713497937187803,0.4769259580519898,760431,size_bin + comm_bin + borocode,bct2020,2020-01-01..2026-05-31
n_ecb_2020on,ECB citations,total,joint,tract_overcrowd10,Tract overcrowded-household share (+10 pp),0.018432333893060007,0.014387648089468196,-0.009766938184534182,0.046631605970654195,1.8603257920602134,-0.9719396548418358,4.773595830325128,0.20015078346901394,760431,size_bin + comm_bin + borocode,bct2020,2020-01-01..2026-05-31
n_ecb_2020on,ECB citations,total,joint,tract_black10,Tract Black share (+10 pp),0.021380337202526568,0.005380810374782673,0.010834142660313056,0.03192653174474008,2.1610534248318602,1.0893044508725414,3.2441650831960267,7.084145501146111e-05,760431,size_bin + comm_bin + borocode,bct2020,2020-01-01..2026-05-31
n_ecb_2020on,ECB citations,total,joint,tract_hispanic10,Tract Hispanic share (+10 pp),0.005483820529776425,0.007303460490041263,-0.008830698993215709,0.019798340052768558,0.5498884196471376,-0.879182288941327,1.9995627021094586,0.4527415151278045,760431,size_bin + comm_bin + borocode,bct2020,2020-01-01..2026-05-31
n_ecb_2020on,ECB citations,total,joint,tract_asian10,Tract Asian share (+10 pp),0.00672541409318674,0.00947864912923153,-0.01185239682219901,0.02530322500857249,0.6748080475660556,-1.178243384941613,2.562606885191143,0.4779937974694217,760431,size_bin + comm_bin + borocode,bct2020,2020-01-01..2026-05-31
n_ecb_2020on,ECB citations,direct,joint,tract_poverty10,Tract poverty rate (+10 pp),0.05768205787232425,0.014304988617389049,0.029644795382986283,0.08571932036166222,5.937812122595454,3.0088576744126794,8.950048478307426,5.523275638741332e-05,760431,size_bin + comm_bin + borocode,bct2020,2020-01-01..2026-05-31
n_ecb_2020on,ECB citations,direct,joint,tract_log_income_z,Tract log median income (+1 SD),-0.008907020477128037,0.013585763001726847,-0.03553462666300944,0.017720585708753366,-0.8867470481551343,-3.491068417109322,1.7878526844856912,0.5120723233653885,760431,size_bin + comm_bin + borocode,bct2020,2020-01-01..2026-05-31
n_ecb_2020on,ECB citations,direct,joint,tract_renter10,Tract renter share (+10 pp),0.020350705220266423,0.005916166009172622,0.008755232915728018,0.03194617752480483,2.055919270916018,0.8793672066776947,3.246193415280252,0.0005820433695844507,760431,size_bin + comm_bin + borocode,bct2020,2020-01-01..2026-05-31
n_ecb_2020on,ECB citations,direct,joint,tract_foreign10,Tract foreign-born share (+10 pp),0.013196488990711552,0.009388252559991048,-0.00520414790463687,0.03159712588605997,1.3283946940734204,-0.5190629787190648,3.2101614511483634,0.15983150564332682,760431,size_bin + comm_bin + borocode,bct2020,2020-01-01..2026-05-31
n_ecb_2020on,ECB citations,direct,joint,tract_overcrowd10,Tract overcrowded-household share (+10 pp),0.004947659010996037,0.013497507815977956,-0.021506970189368646,0.03140228821136072,0.4959918886729531,-2.127734443687601,3.1900541821762607,0.7139465561985319,760431,size_bin + comm_bin + borocode,bct2020,2020-01-01..2026-05-31
n_ecb_2020on,ECB citations,direct,joint,tract_black10,Tract Black share (+10 pp),0.0211205964521936,0.004972746558548608,0.011374192293192828,0.03086700061119437,2.134521482023022,1.1439124368134657,3.134832606742921,2.163912831076864e-05,760431,size_bin + comm_bin + borocode,bct2020,2020-01-01..2026-05-31
n_ecb_2020on,ECB citations,direct,joint,tract_hispanic10,Tract Hispanic share (+10 pp),0.004525900563065191,0.006779465479894787,-0.00876160761196115,0.01781340873809153,0.45361579197726876,-0.872333658146629,1.7973013798431747,0.5043956061136958,760431,size_bin + comm_bin + borocode,bct2020,2020-01-01..2026-05-31
n_ecb_2020on,ECB citations,direct,joint,tract_asian10,Tract Asian share (+10 pp),0.014378026351649165,0.008545244875755061,-0.0023703458439062065,0.031126398547204538,1.4481887347593148,-0.23675387925286007,3.1615890395835677,0.09245714635236735,760431,size_bin + comm_bin + borocode,bct2020,2020-01-01..2026-05-31
n_dobviol_2020on,DOB violation records (scheduled inspections),total,bivariate,tract_poverty10,Tract poverty rate (+10 pp),0.09603481526303527,0.008733756205751632,0.07891696765000887,0.11315266287606167,10.079738787745441,8.211446783273857,11.980287222730945,0.0,760431,size_bin + comm_bin + borocode,bct2020,2020-01-01..2026-05-31
n_dobviol_2020on,DOB violation records (scheduled inspections),direct,bivariate,tract_poverty10,Tract poverty rate (+10 pp),0.05225140438806285,0.006286849964828412,0.03992940488079225,0.06457340389533345,5.364059908896923,4.073730062517944,6.670387559058422,0.0,760431,size_bin + comm_bin + borocode,bct2020,2020-01-01..2026-05-31
n_dobviol_2020on,DOB violation records (scheduled inspections),total,bivariate,tract_log_income_z,Tract log median income (+1 SD),-0.07254246585989654,0.008986858451540788,-0.09015638475907589,-0.054928546960717195,-6.997374854280891,-8.621172846193625,-5.344722038984385,6.661338147750939e-16,760431,size_bin + comm_bin + borocode,bct2020,2020-01-01..2026-05-31
n_dobviol_2020on,DOB violation records (scheduled inspections),direct,bivariate,tract_log_income_z,Tract log median income (+1 SD),-0.0519322654633973,0.005598318885607526,-0.06290476885315846,-0.040959762073636136,-5.060682862843713,-6.096710538928707,-4.013224774131274,0.0,760431,size_bin + comm_bin + borocode,bct2020,2020-01-01..2026-05-31
n_dobviol_2020on,DOB violation records (scheduled inspections),total,bivariate,tract_renter10,Tract renter share (+10 pp),0.0385385493887497,0.00622039969823747,0.026346790010760433,0.050730308766738966,3.9290791610521847,2.6696934984722365,5.203912929037613,5.809654979316292e-10,760431,size_bin + comm_bin + borocode,bct2020,2020-01-01..2026-05-31
n_dobviol_2020on,DOB violation records (scheduled inspections),direct,bivariate,tract_renter10,Tract renter share (+10 pp),0.02504935959093861,0.004009680633428974,0.01719052995991007,0.03290818922196715,2.536573090840477,1.7339137445933295,3.3455652518040058,4.1782066695361664e-10,760431,size_bin + comm_bin + borocode,bct2020,2020-01-01..2026-05-31
n_dobviol_2020on,DOB violation records (scheduled inspections),total,bivariate,tract_foreign10,Tract foreign-born share (+10 pp),-0.013713191532783426,0.006657292781997863,-0.0267612456200377,-0.0006651374455291514,-1.3619594050317652,-2.640633647118207,-0.06649162906539052,0.03941048415763926,760431,size_bin + comm_bin + borocode,bct2020,2020-01-01..2026-05-31
n_dobviol_2020on,DOB violation records (scheduled inspections),direct,bivariate,tract_foreign10,Tract foreign-born share (+10 pp),0.013740134642292215,0.005283743178214039,0.0033841883094334977,0.02409608097515093,1.383496411778018,0.3389921139858698,2.438873743124903,0.009310031708625877,760431,size_bin + comm_bin + borocode,bct2020,2020-01-01..2026-05-31
n_dobviol_2020on,DOB violation records (scheduled inspections),total,bivariate,tract_overcrowd10,Tract overcrowded-household share (+10 pp),0.05103851707056724,0.01094956103002215,0.029577771805200524,0.07249926233593396,5.236342645894854,3.0019538835886816,7.519201295935041,3.1431200939735504e-06,760431,size_bin + comm_bin + borocode,bct2020,2020-01-01..2026-05-31
n_dobviol_2020on,DOB violation records (scheduled inspections),direct,bivariate,tract_overcrowd10,Tract overcrowded-household share (+10 pp),0.04144374544144507,0.008588334800685634,0.024610918544929243,0.0582765723379609,4.231452525870738,2.491626702371108,6.000812409795664,1.395924352998179e-06,760431,size_bin + comm_bin + borocode,bct2020,2020-01-01..2026-05-31
n_dobviol_2020on,DOB violation records (scheduled inspections),total,bivariate,tract_black10,Tract Black share (+10 pp),0.029719450155367023,0.00346053546070539,0.022936925285160732,0.03650197502557331,3.0165480642941445,2.320199933748013,3.717635246554707,0.0,760431,size_bin + comm_bin + borocode,bct2020,2020-01-01..2026-05-31
n_dobviol_2020on,DOB violation records (scheduled inspections),direct,bivariate,tract_black10,Tract Black share (+10 pp),0.031060204527893345,0.002826078423483659,0.025521192600379636,0.03659921645540705,3.1547605853704086,2.5849646461685083,3.7277213880925197,0.0,760431,size_bin + comm_bin + borocode,bct2020,2020-01-01..2026-05-31
n_dobviol_2020on,DOB violation records (scheduled inspections),total,bivariate,tract_hispanic10,Tract Hispanic share (+10 pp),0.012532330790079425,0.005117234582507426,0.002502735307922008,0.02256192627223684,1.2611189531209765,0.25058697642921235,2.2818371532226545,0.01432360940065136,760431,size_bin + comm_bin + borocode,bct2020,2020-01-01..2026-05-31
n_dobviol_2020on,DOB violation records (scheduled inspections),direct,bivariate,tract_hispanic10,Tract Hispanic share (+10 pp),0.004665230562119247,0.003943529558945407,-0.003063945345382876,0.01239440646962137,0.46761296926123297,-0.3059256255104392,1.2471535452073912,0.23680562054946153,760431,size_bin + comm_bin + borocode,bct2020,2020-01-01..2026-05-31
n_dobviol_2020on,DOB violation records (scheduled inspections),total,bivariate,tract_asian10,Tract Asian share (+10 pp),-0.01367486475594127,0.006362802158704968,-0.026145727827756718,-0.00120400168412582,-1.3581788544140383,-2.580688778208684,-0.12032771649014284,0.03161941657809009,760431,size_bin + comm_bin + borocode,bct2020,2020-01-01..2026-05-31
n_dobviol_2020on,DOB violation records (scheduled inspections),direct,bivariate,tract_asian10,Tract Asian share (+10 pp),-0.0030906352057930952,0.005223352602655549,-0.01332821818555153,0.007146947773965339,-0.30858641093106653,-1.3239790781418015,0.7172548157067027,0.5540543853206412,760431,size_bin + comm_bin + borocode,bct2020,2020-01-01..2026-05-31
n_dobviol_2020on,DOB violation records (scheduled inspections),total,joint,tract_poverty10,Tract poverty rate (+10 pp),0.04441909956110515,0.013808486153764978,0.017354964018705774,0.07148323510350453,4.542039832023348,1.7506436403921688,7.410014337263937,0.0012963019525562558,760431,size_bin + comm_bin + borocode,bct2020,2020-01-01..2026-05-31
n_dobviol_2020on,DOB violation records (scheduled inspections),total,joint,tract_log_income_z,Tract log median income (+1 SD),-0.02623418456132607,0.014428627750791562,-0.054513775299212704,0.0020454061765605644,-2.5893057911439143,-5.30545356891301,0.2047499446726775,0.06903300260843159,760431,size_bin + comm_bin + borocode,bct2020,2020-01-01..2026-05-31
n_dobviol_2020on,DOB violation records (scheduled inspections),total,joint,tract_renter10,Tract renter share (+10 pp),0.01707828800919125,0.0067896397057984155,0.003770838717823223,0.030385737300559275,1.7224955724713276,0.3777957274972321,3.0852095375998534,0.011891586797966536,760431,size_bin + comm_bin + borocode,bct2020,2020-01-01..2026-05-31
n_dobviol_2020on,DOB violation records (scheduled inspections),total,joint,tract_foreign10,Tract foreign-born share (+10 pp),-0.04519307361452355,0.009624950166035075,-0.06405762929294512,-0.026328517936101987,-4.418707823877965,-6.204905547658157,-2.598494437263088,2.660743448901215e-06,760431,size_bin + comm_bin + borocode,bct2020,2020-01-01..2026-05-31
n_dobviol_2020on,DOB violation records (scheduled inspections),total,joint,tract_overcrowd10,Tract overcrowded-household share (+10 pp),0.03447319431236269,0.012839697542643969,0.00930784955639307,0.05963853906833231,3.507428212634922,0.9351302300641073,6.1452803476208295,0.0072553363212717326,760431,size_bin + comm_bin + borocode,bct2020,2020-01-01..2026-05-31
n_dobviol_2020on,DOB violation records (scheduled inspections),total,joint,tract_black10,Tract Black share (+10 pp),0.025409064094171718,0.004774566196976771,0.01605108630629487,0.034767041882048565,2.5734625921894683,1.6180596993326857,3.537848088043982,1.0277180262363572e-07,760431,size_bin + comm_bin + borocode,bct2020,2020-01-01..2026-05-31
n_dobviol_2020on,DOB violation records (scheduled inspections),total,joint,tract_hispanic10,Tract Hispanic share (+10 pp),-0.0016948369789796009,0.006620204138658635,-0.014670198661053539,0.011280524703094338,-0.16934015538386804,-1.4563115579571462,1.134438973967522,0.797943288614029,760431,size_bin + comm_bin + borocode,bct2020,2020-01-01..2026-05-31
n_dobviol_2020on,DOB violation records (scheduled inspections),total,joint,tract_asian10,Tract Asian share (+10 pp),0.018281873615047423,0.008974888222781523,0.0006914159331229408,0.035872331296971906,1.8450010120373284,0.06916550162179291,3.6523506431537456,0.041649748289735555,760431,size_bin + comm_bin + borocode,bct2020,2020-01-01..2026-05-31
n_dobviol_2020on,DOB violation records (scheduled inspections),direct,joint,tract_poverty10,Tract poverty rate (+10 pp),0.005418792054875779,0.01101625419750524,-0.01617266941677269,0.02701025352652425,0.5433500263449575,-1.6042593965199359,2.7378336960511396,0.622796673010108,760431,size_bin + comm_bin + borocode,bct2020,2020-01-01..2026-05-31
n_dobviol_2020on,DOB violation records (scheduled inspections),direct,joint,tract_log_income_z,Tract log median income (+1 SD),-0.020833720260116203,0.01008790781636691,-0.04060565625955545,-0.0010617842606769554,-2.0618197617883194,-3.9792292803031537,-0.10612207672227036,0.038902458243316396,760431,size_bin + comm_bin + borocode,bct2020,2020-01-01..2026-05-31
n_dobviol_2020on,DOB violation records (scheduled inspections),direct,joint,tract_renter10,Tract renter share (+10 pp),0.01141259871265425,0.004663169628009448,0.002272954187954687,0.02055224323735381,1.147797086937774,0.22755393065725382,2.0764894912889797,0.014389469904742436,760431,size_bin + comm_bin + borocode,bct2020,2020-01-01..2026-05-31
n_dobviol_2020on,DOB violation records (scheduled inspections),direct,joint,tract_foreign10,Tract foreign-born share (+10 pp),-0.006945528526921233,0.0073415996130623135,-0.021334799357436568,0.007443742303594102,-0.6921464089306384,-2.110882243616674,0.7471515823541663,0.3441225138429371,760431,size_bin + comm_bin + borocode,bct2020,2020-01-01..2026-05-31
n_dobviol_2020on,DOB violation records (scheduled inspections),direct,joint,tract_overcrowd10,Tract overcrowded-household share (+10 pp),0.03341726416558794,0.010169495223685692,0.013485419786211879,0.053349108544964004,3.3981892832594562,1.3576758176646164,5.479781978125131,0.001016102663383478,760431,size_bin + comm_bin + borocode,bct2020,2020-01-01..2026-05-31
n_dobviol_2020on,DOB violation records (scheduled inspections),direct,joint,tract_black10,Tract Black share (+10 pp),0.03235722513147058,0.003963696094648658,0.024588523540297145,0.04012592672264402,3.2886412394215414,2.4893314276178025,4.0941848334770325,2.220446049250313e-16,760431,size_bin + comm_bin + borocode,bct2020,2020-01-01..2026-05-31
n_dobviol_2020on,DOB violation records (scheduled inspections),direct,joint,tract_hispanic10,Tract Hispanic share (+10 pp),0.0006895327888089979,0.0054016398656916535,-0.009897486805402419,0.011276552383020416,0.06897705711921276,-0.9848667877191186,1.1340372364033513,0.8984239884290404,760431,size_bin + comm_bin + borocode,bct2020,2020-01-01..2026-05-31
n_dobviol_2020on,DOB violation records (scheduled inspections),direct,joint,tract_asian10,Tract Asian share (+10 pp),0.01270827890508838,0.007231971530247537,-0.001466124831415819,0.026882682641592576,1.278937223624066,-0.1465050595457318,2.724728175649771,0.07887763429374983,760431,size_bin + comm_bin + borocode,bct2020,2020-01-01..2026-05-31
