outcome,outcome_label,spec,entry,sample,term,term_label,estimate,std_error,ci_lo,ci_hi,pct_change,pct_lo,pct_hi,p,n,fe,cluster,window
n_hpd_complaints,HPD complaints,total,bivariate,all lots,tract_poverty10,Tract poverty rate (+10 pp),0.16667308709760484,0.016650065042857046,0.13403955927335567,0.199306614921854,18.136799773293898,14.34380523284322,22.055614926016396,0.0,760431,size_bin + comm_bin + borocode,bct2020,2020-01-01..2026-05-31
n_hpd_complaints,HPD complaints,direct,bivariate,all lots,tract_poverty10,Tract poverty rate (+10 pp),0.15481331792121383,0.014899728660509036,0.1256103863671969,0.18401624947523076,16.744000063492457,13.38403225669631,20.20353553813401,0.0,760431,size_bin + comm_bin + borocode,bct2020,2020-01-01..2026-05-31
n_hpd_complaints,HPD complaints,total,bivariate,3+ units,tract_poverty10,Tract poverty rate (+10 pp),0.16076050792414362,0.017379141719944046,0.1266980160708358,0.19482299977745143,17.440367475740626,13.507419185578229,21.509589521081995,0.0,170729,size_bin + comm_bin + borocode,bct2020,2020-01-01..2026-05-31
n_hpd_complaints,HPD complaints,total,bivariate,all lots,tract_log_income_z,Tract log median income (+1 SD),-0.23017840998042377,0.014892746210935991,-0.25936765618475366,-0.20098916377609388,-20.560813757683615,-22.8460690306574,-18.207870531587535,0.0,760431,size_bin + comm_bin + borocode,bct2020,2020-01-01..2026-05-31
n_hpd_complaints,HPD complaints,direct,bivariate,all lots,tract_log_income_z,Tract log median income (+1 SD),-0.21562351888478817,0.014238935833872955,-0.24353132029735597,-0.18771571747222038,-19.396129689267163,-21.6145074921534,-17.114969859772554,0.0,760431,size_bin + comm_bin + borocode,bct2020,2020-01-01..2026-05-31
n_hpd_complaints,HPD complaints,total,bivariate,3+ units,tract_log_income_z,Tract log median income (+1 SD),-0.228831586996898,0.015317466549875484,-0.258853269769051,-0.19880990422474507,-20.45375115485649,-22.80637188768847,-18.02942988860099,0.0,170729,size_bin + comm_bin + borocode,bct2020,2020-01-01..2026-05-31
n_hpd_complaints,HPD complaints,total,bivariate,all lots,tract_renter10,Tract renter share (+10 pp),0.1620656158869108,0.011611400582865042,0.1393076889344279,0.18482354283939367,17.593739896497308,14.947772717425444,20.30061423494438,0.0,760431,size_bin + comm_bin + borocode,bct2020,2020-01-01..2026-05-31
n_hpd_complaints,HPD complaints,direct,bivariate,all lots,tract_renter10,Tract renter share (+10 pp),0.10981190380148362,0.010132541370511273,0.0899524876434194,0.12967131995954784,11.606812254315212,9.412229814146977,13.845413467292289,0.0,760431,size_bin + comm_bin + borocode,bct2020,2020-01-01..2026-05-31
n_hpd_complaints,HPD complaints,total,bivariate,3+ units,tract_renter10,Tract renter share (+10 pp),0.17247214428294125,0.01247365067200153,0.1480242382100844,0.1969200503557981,18.823872091237458,15.954100122075587,21.764668639489805,0.0,170729,size_bin + comm_bin + borocode,bct2020,2020-01-01..2026-05-31
n_hpd_complaints,HPD complaints,total,bivariate,all lots,tract_foreign10,Tract foreign-born share (+10 pp),0.12483318343034668,0.01410493419148244,0.0971880204107335,0.15247834644995986,13.29594408945971,10.206756533855543,16.471724155848545,0.0,760431,size_bin + comm_bin + borocode,bct2020,2020-01-01..2026-05-31
n_hpd_complaints,HPD complaints,direct,bivariate,all lots,tract_foreign10,Tract foreign-born share (+10 pp),0.07541981141450838,0.013023245755152738,0.04989471877259487,0.10094490405642188,7.833675395201034,5.116042309067392,10.621569208704251,6.989838041704388e-09,760431,size_bin + comm_bin + borocode,bct2020,2020-01-01..2026-05-31
n_hpd_complaints,HPD complaints,total,bivariate,3+ units,tract_foreign10,Tract foreign-born share (+10 pp),0.1280509954292235,0.014991374341118358,0.09866844164187362,0.15743354921657338,13.66109631831154,10.370029782815692,17.050297455767517,0.0,170729,size_bin + comm_bin + borocode,bct2020,2020-01-01..2026-05-31
n_hpd_complaints,HPD complaints,total,bivariate,all lots,tract_overcrowd10,Tract overcrowded-household share (+10 pp),0.12733951103997382,0.02635340805793146,0.0756877803765405,0.17899124170340713,13.580256983988415,7.862575345240663,19.60102691093468,1.351722931142163e-06,760431,size_bin + comm_bin + borocode,bct2020,2020-01-01..2026-05-31
n_hpd_complaints,HPD complaints,direct,bivariate,all lots,tract_overcrowd10,Tract overcrowded-household share (+10 pp),0.06748580256860659,0.02369040873163356,0.021053454675571584,0.1139181504616416,6.981507086400951,2.1276642190032558,12.06603955941683,0.004390445378634755,760431,size_bin + comm_bin + borocode,bct2020,2020-01-01..2026-05-31
n_hpd_complaints,HPD complaints,total,bivariate,3+ units,tract_overcrowd10,Tract overcrowded-household share (+10 pp),0.13118301411265762,0.027784686225454085,0.07672602978902146,0.18563999843629378,14.017643059624474,7.974621756716838,20.398874451840676,2.342103450736488e-06,170729,size_bin + comm_bin + borocode,bct2020,2020-01-01..2026-05-31
n_hpd_complaints,HPD complaints,total,bivariate,all lots,tract_black10,Tract Black share (+10 pp),0.16083925243701117,0.0070970363933824665,0.1469293167090115,0.17474918816501084,17.449615624384208,15.827208965319262,19.0947475428324,0.0,760431,size_bin + comm_bin + borocode,bct2020,2020-01-01..2026-05-31
n_hpd_complaints,HPD complaints,direct,bivariate,all lots,tract_black10,Tract Black share (+10 pp),0.1452264869548864,0.006585870308691557,0.13231841834299926,0.15813455556677355,15.630142780255829,14.147172694220323,17.13237922413593,0.0,760431,size_bin + comm_bin + borocode,bct2020,2020-01-01..2026-05-31
n_hpd_complaints,HPD complaints,total,bivariate,3+ units,tract_black10,Tract Black share (+10 pp),0.1610647229812255,0.007975613000244925,0.145432808746116,0.17669663721633502,17.476100038752264,15.654002259715005,19.32690447948302,0.0,170729,size_bin + comm_bin + borocode,bct2020,2020-01-01..2026-05-31
n_hpd_complaints,HPD complaints,total,bivariate,all lots,tract_hispanic10,Tract Hispanic share (+10 pp),0.10272728435477382,0.009388107802504334,0.08432693117888586,0.12112763753066179,10.818914734377838,8.79845317366652,12.876897645799868,0.0,760431,size_bin + comm_bin + borocode,bct2020,2020-01-01..2026-05-31
n_hpd_complaints,HPD complaints,direct,bivariate,all lots,tract_hispanic10,Tract Hispanic share (+10 pp),0.07442403841806741,0.00838994919121781,0.05798004017115954,0.09086803666497528,7.726350977382324,5.969384419144452,9.512447944404624,0.0,760431,size_bin + comm_bin + borocode,bct2020,2020-01-01..2026-05-31
n_hpd_complaints,HPD complaints,total,bivariate,3+ units,tract_hispanic10,Tract Hispanic share (+10 pp),0.10794521534826959,0.009545866401529147,0.08923566100004149,0.1266547696964977,11.39867143405231,9.333828316203263,13.502510507380006,0.0,170729,size_bin + comm_bin + borocode,bct2020,2020-01-01..2026-05-31
n_hpd_complaints,HPD complaints,total,bivariate,all lots,tract_asian10,Tract Asian share (+10 pp),-0.15542399318405387,0.01705821765456643,-0.1888574854274494,-0.12199050094065834,-14.394785974626567,-17.209551325836337,-11.484322338055975,0.0,760431,size_bin + comm_bin + borocode,bct2020,2020-01-01..2026-05-31
n_hpd_complaints,HPD complaints,direct,bivariate,all lots,tract_asian10,Tract Asian share (+10 pp),-0.12780861696652884,0.013340127209674408,-0.1539547858466735,-0.1016624480863842,-11.9978215732218,-14.26892172836598,-9.666557752593864,0.0,760431,size_bin + comm_bin + borocode,bct2020,2020-01-01..2026-05-31
n_hpd_complaints,HPD complaints,total,bivariate,3+ units,tract_asian10,Tract Asian share (+10 pp),-0.15172760777802158,0.01926051535747666,-0.18947752420235645,-0.11397769135368671,-14.07777056621372,-17.2608687031803,-10.772213882840443,3.3306690738754696e-15,170729,size_bin + comm_bin + borocode,bct2020,2020-01-01..2026-05-31
n_hpd_violations,HPD violations,total,bivariate,all lots,tract_poverty10,Tract poverty rate (+10 pp),0.20962142140589698,0.015607415405182786,0.1790314493199831,0.24021139349181087,23.321110424652435,19.605835879844747,27.151791252454217,0.0,760431,size_bin + comm_bin + borocode,bct2020,2020-01-01..2026-05-31
n_hpd_violations,HPD violations,direct,bivariate,all lots,tract_poverty10,Tract poverty rate (+10 pp),0.2032673360710573,0.014277471208136217,0.17528400671280273,0.23125066542931186,22.540001808891397,19.158458658187392,26.017508219013475,0.0,760431,size_bin + comm_bin + borocode,bct2020,2020-01-01..2026-05-31
n_hpd_violations,HPD violations,total,bivariate,3+ units,tract_poverty10,Tract poverty rate (+10 pp),0.2022354856783001,0.016048371514859824,0.17078125549865633,0.23368971585794387,22.413624072567885,18.623123907868933,26.325246418383387,0.0,170729,size_bin + comm_bin + borocode,bct2020,2020-01-01..2026-05-31
n_hpd_violations,HPD violations,total,bivariate,all lots,tract_log_income_z,Tract log median income (+1 SD),-0.2635180030316912,0.013775575305732804,-0.2905176344972469,-0.23651837156613556,-23.16562102028834,-25.212365922742364,-21.062861981976056,0.0,760431,size_bin + comm_bin + borocode,bct2020,2020-01-01..2026-05-31
n_hpd_violations,HPD violations,direct,bivariate,all lots,tract_log_income_z,Tract log median income (+1 SD),-0.2580116684261475,0.013286640634544046,-0.2840530055453802,-0.23197033130691475,-22.741378281088465,-24.72732550428871,-20.70303506691593,0.0,760431,size_bin + comm_bin + borocode,bct2020,2020-01-01..2026-05-31
n_hpd_violations,HPD violations,total,bivariate,3+ units,tract_log_income_z,Tract log median income (+1 SD),-0.2597207100197425,0.014106554533358314,-0.28736904885107506,-0.23207237118840998,-22.873303713933012,-24.976519555172093,-20.711126107009225,0.0,170729,size_bin + comm_bin + borocode,bct2020,2020-01-01..2026-05-31
n_hpd_violations,HPD violations,total,bivariate,all lots,tract_renter10,Tract renter share (+10 pp),0.18047157124535748,0.011001686992290165,0.15890866097128598,0.202034481519429,19.778206954389166,17.22308713614955,22.389020897779876,0.0,760431,size_bin + comm_bin + borocode,bct2020,2020-01-01..2026-05-31
n_hpd_violations,HPD violations,direct,bivariate,all lots,tract_renter10,Tract renter share (+10 pp),0.13163703905269475,0.010110147884362913,0.11182151332096961,0.15145256478441987,14.069421666677817,11.83132388145447,16.352310853114773,0.0,760431,size_bin + comm_bin + borocode,bct2020,2020-01-01..2026-05-31
n_hpd_violations,HPD violations,total,bivariate,3+ units,tract_renter10,Tract renter share (+10 pp),0.18107356230440189,0.011896717764195621,0.15775642395234057,0.2043907006564632,19.850334071805765,17.08809614142197,22.677736255734505,0.0,170729,size_bin + comm_bin + borocode,bct2020,2020-01-01..2026-05-31
n_hpd_violations,HPD violations,total,bivariate,all lots,tract_foreign10,Tract foreign-born share (+10 pp),0.13262376555868385,0.012329983784218655,0.1084574414116524,0.1567900897057153,14.182032537487954,11.455747353625911,16.97500455518517,0.0,760431,size_bin + comm_bin + borocode,bct2020,2020-01-01..2026-05-31
n_hpd_violations,HPD violations,direct,bivariate,all lots,tract_foreign10,Tract foreign-born share (+10 pp),0.09932794202807749,0.011145944590166105,0.07748229205767286,0.12117359199848211,10.442842867572422,8.05630977401266,12.882084962749673,0.0,760431,size_bin + comm_bin + borocode,bct2020,2020-01-01..2026-05-31
n_hpd_violations,HPD violations,total,bivariate,3+ units,tract_foreign10,Tract foreign-born share (+10 pp),0.13813101749916762,0.01277018602476248,0.11310191281475643,0.1631601221835788,14.812596501314745,11.974604360493423,17.72251744632665,0.0,170729,size_bin + comm_bin + borocode,bct2020,2020-01-01..2026-05-31
n_hpd_violations,HPD violations,total,bivariate,all lots,tract_overcrowd10,Tract overcrowded-household share (+10 pp),0.1557451250013023,0.021876056698760412,0.11286884174797569,0.19862140825462893,16.852833647386788,11.948509361115578,21.972010251408157,1.0837997166390778e-12,760431,size_bin + comm_bin + borocode,bct2020,2020-01-01..2026-05-31
n_hpd_violations,HPD violations,direct,bivariate,all lots,tract_overcrowd10,Tract overcrowded-household share (+10 pp),0.12106637882533103,0.017256655130090507,0.08724395627672527,0.1548888013739368,12.869983164976562,9.116284327536883,16.752812636299463,2.2890578321721478e-12,760431,size_bin + comm_bin + borocode,bct2020,2020-01-01..2026-05-31
n_hpd_violations,HPD violations,total,bivariate,3+ units,tract_overcrowd10,Tract overcrowded-household share (+10 pp),0.1542680756081295,0.022542132337815976,0.11008630809127448,0.1984498431249845,16.68036364506964,11.637441844620987,21.951085902652,7.72581998376154e-12,170729,size_bin + comm_bin + borocode,bct2020,2020-01-01..2026-05-31
n_hpd_violations,HPD violations,total,bivariate,all lots,tract_black10,Tract Black share (+10 pp),0.1540344976186141,0.005886072831881562,0.14249800685774655,0.16557098837948164,16.65311286302884,15.315078256152969,18.00667307710433,0.0,760431,size_bin + comm_bin + borocode,bct2020,2020-01-01..2026-05-31
n_hpd_violations,HPD violations,direct,bivariate,all lots,tract_black10,Tract Black share (+10 pp),0.1441132606843247,0.005174573477581983,0.13397128303290784,0.15425523833574156,15.50149188970571,14.335998534212479,16.678865797073385,0.0,760431,size_bin + comm_bin + borocode,bct2020,2020-01-01..2026-05-31
n_hpd_violations,HPD violations,total,bivariate,3+ units,tract_black10,Tract Black share (+10 pp),0.15423251713887054,0.006265252659947892,0.1419528475713289,0.16651218670641219,16.67621474371057,15.252230303006819,18.117793045132125,0.0,170729,size_bin + comm_bin + borocode,bct2020,2020-01-01..2026-05-31
n_hpd_violations,HPD violations,total,bivariate,all lots,tract_hispanic10,Tract Hispanic share (+10 pp),0.11112302092974646,0.008663712539092492,0.09414245638071711,0.12810358547877582,11.753237827055084,9.871625391009498,13.66707391817885,0.0,760431,size_bin + comm_bin + borocode,bct2020,2020-01-01..2026-05-31
n_hpd_violations,HPD violations,direct,bivariate,all lots,tract_hispanic10,Tract Hispanic share (+10 pp),0.0835025448283979,0.007718904498881929,0.06837377001048513,0.09863131964631068,8.708798174172427,7.076545370783216,10.365932703106173,0.0,760431,size_bin + comm_bin + borocode,bct2020,2020-01-01..2026-05-31
n_hpd_violations,HPD violations,total,bivariate,3+ units,tract_hispanic10,Tract Hispanic share (+10 pp),0.11206872983751394,0.008967940496991057,0.09449188944791323,0.12964557022711465,11.858973849408528,9.910024878702362,13.842482016098945,0.0,170729,size_bin + comm_bin + borocode,bct2020,2020-01-01..2026-05-31
n_hpd_violations,HPD violations,total,bivariate,all lots,tract_asian10,Tract Asian share (+10 pp),-0.15060598017210397,0.014690998508111874,-0.17939980814493492,-0.12181215219927302,-13.981343754340859,-16.422831573615337,-11.46853427050296,0.0,760431,size_bin + comm_bin + borocode,bct2020,2020-01-01..2026-05-31
n_hpd_violations,HPD violations,direct,bivariate,all lots,tract_asian10,Tract Asian share (+10 pp),-0.12178000728734154,0.01237860638347088,-0.14604162997774206,-0.097518384596941,-11.465688388593854,-13.587827093250038,-9.291433500183565,0.0,760431,size_bin + comm_bin + borocode,bct2020,2020-01-01..2026-05-31
n_hpd_violations,HPD violations,total,bivariate,3+ units,tract_asian10,Tract Asian share (+10 pp),-0.1429270052266547,0.015459414906624615,-0.1732269016657006,-0.11262710878760879,-13.318266027851422,-15.905321903018766,-10.651622974842457,0.0,170729,size_bin + comm_bin + borocode,bct2020,2020-01-01..2026-05-31
