series,series_label,term,event_time,coef,se,ci_low,ci_high,pval,z,ramp_pred,share_of_excess,cluster,n_treated_units,n_control_units,n_obs,baseline_mean_treated,m1_level_treated,pretrend_chi2,pretrend_df,pretrend_p,decay_first_ci0_month,note
focal_strict,"HEADLINE - new attention beyond the mandated response (drops cat-30, 1X/2F/7R orders-and-monitoring, and any agency event within +/-3 days of the trigger)",event_month,-1.0,0.0,,,,,,,,bbl,8448.0,39046.0,1187350.0,0.028132891414141416,0.043915719696969696,51.56345834334222,11.0,3.2704593638612726e-07,3.0,
focal_strict,"HEADLINE - new attention beyond the mandated response (drops cat-30, 1X/2F/7R orders-and-monitoring, and any agency event within +/-3 days of the trigger)",event_month,-12.0,-0.022827479671992498,0.00370144092380695,-0.030082357368512204,-0.015572601975472791,7.007996405405947e-10,,,,bbl,8448.0,39046.0,1187350.0,0.028132891414141416,0.043915719696969696,51.56345834334222,11.0,3.2704593638612726e-07,3.0,
focal_strict,"HEADLINE - new attention beyond the mandated response (drops cat-30, 1X/2F/7R orders-and-monitoring, and any agency event within +/-3 days of the trigger)",event_month,-11.0,-0.017096042952092556,0.004111848861586265,-0.025155326137058495,-0.00903675976712662,3.219654065311772e-05,,,,bbl,8448.0,39046.0,1187350.0,0.028132891414141416,0.043915719696969696,51.56345834334222,11.0,3.2704593638612726e-07,3.0,
focal_strict,"HEADLINE - new attention beyond the mandated response (drops cat-30, 1X/2F/7R orders-and-monitoring, and any agency event within +/-3 days of the trigger)",event_month,-10.0,-0.02058515818219723,0.0037259615884302206,-0.027888096735702392,-0.013282219628692065,3.316225272165241e-08,,,,bbl,8448.0,39046.0,1187350.0,0.028132891414141416,0.043915719696969696,51.56345834334222,11.0,3.2704593638612726e-07,3.0,
focal_strict,"HEADLINE - new attention beyond the mandated response (drops cat-30, 1X/2F/7R orders-and-monitoring, and any agency event within +/-3 days of the trigger)",event_month,-9.0,-0.018871749156997696,0.003982207037647697,-0.026676932493718396,-0.011066565820276996,2.1538410377441863e-06,,,,bbl,8448.0,39046.0,1187350.0,0.028132891414141416,0.043915719696969696,51.56345834334222,11.0,3.2704593638612726e-07,3.0,
focal_strict,"HEADLINE - new attention beyond the mandated response (drops cat-30, 1X/2F/7R orders-and-monitoring, and any agency event within +/-3 days of the trigger)",event_month,-8.0,-0.014276327234494405,0.003920953847174424,-0.02196145343277828,-0.006591201036210529,0.00027183632307759,,,,bbl,8448.0,39046.0,1187350.0,0.028132891414141416,0.043915719696969696,51.56345834334222,11.0,3.2704593638612726e-07,3.0,
focal_strict,"HEADLINE - new attention beyond the mandated response (drops cat-30, 1X/2F/7R orders-and-monitoring, and any agency event within +/-3 days of the trigger)",event_month,-7.0,-0.012958906981769899,0.004346228192395706,-0.021477577041905997,-0.0044402369216338024,0.002868516670663457,,,,bbl,8448.0,39046.0,1187350.0,0.028132891414141416,0.043915719696969696,51.56345834334222,11.0,3.2704593638612726e-07,3.0,
focal_strict,"HEADLINE - new attention beyond the mandated response (drops cat-30, 1X/2F/7R orders-and-monitoring, and any agency event within +/-3 days of the trigger)",event_month,-6.0,-0.015394570413078902,0.0038356569058434153,-0.02291251337381235,-0.007876627452345453,5.9906963572275984e-05,,,,bbl,8448.0,39046.0,1187350.0,0.028132891414141416,0.043915719696969696,51.56345834334222,11.0,3.2704593638612726e-07,3.0,
focal_strict,"HEADLINE - new attention beyond the mandated response (drops cat-30, 1X/2F/7R orders-and-monitoring, and any agency event within +/-3 days of the trigger)",event_month,-5.0,-0.015230308011948607,0.0041630735093779216,-0.02338999224678286,-0.007070623777114354,0.0002540433685378485,,,,bbl,8448.0,39046.0,1187350.0,0.028132891414141416,0.043915719696969696,51.56345834334222,11.0,3.2704593638612726e-07,3.0,
focal_strict,"HEADLINE - new attention beyond the mandated response (drops cat-30, 1X/2F/7R orders-and-monitoring, and any agency event within +/-3 days of the trigger)",event_month,-4.0,-0.009885756174166031,0.004159264984127367,-0.01803797564447597,-0.001733536703856094,0.017467360480531546,,,,bbl,8448.0,39046.0,1187350.0,0.028132891414141416,0.043915719696969696,51.56345834334222,11.0,3.2704593638612726e-07,3.0,
focal_strict,"HEADLINE - new attention beyond the mandated response (drops cat-30, 1X/2F/7R orders-and-monitoring, and any agency event within +/-3 days of the trigger)",event_month,-3.0,-0.013324724286350795,0.0037027894806250772,-0.02058224517372069,-0.006067203398980901,0.00032030783859782197,,,,bbl,8448.0,39046.0,1187350.0,0.028132891414141416,0.043915719696969696,51.56345834334222,11.0,3.2704593638612726e-07,3.0,
focal_strict,"HEADLINE - new attention beyond the mandated response (drops cat-30, 1X/2F/7R orders-and-monitoring, and any agency event within +/-3 days of the trigger)",event_month,-2.0,-0.011037360048947682,0.0037684363225415525,-0.018423549695071387,-0.0036511704028239795,0.0034033093643761614,,,,bbl,8448.0,39046.0,1187350.0,0.028132891414141416,0.043915719696969696,51.56345834334222,11.0,3.2704593638612726e-07,3.0,
focal_strict,"HEADLINE - new attention beyond the mandated response (drops cat-30, 1X/2F/7R orders-and-monitoring, and any agency event within +/-3 days of the trigger)",event_month,0.0,0.010798135807939197,0.004320779321916996,0.002329345901677802,0.019266925714200592,0.012453680972236203,,,,bbl,8448.0,39046.0,1187350.0,0.028132891414141416,0.043915719696969696,51.56345834334222,11.0,3.2704593638612726e-07,3.0,
focal_strict,"HEADLINE - new attention beyond the mandated response (drops cat-30, 1X/2F/7R orders-and-monitoring, and any agency event within +/-3 days of the trigger)",event_month,1.0,0.0218248621367818,0.004818659369215244,0.012380220143444217,0.031269504130119384,5.93416903971189e-06,,,,bbl,8448.0,39046.0,1187350.0,0.028132891414141416,0.043915719696969696,51.56345834334222,11.0,3.2704593638612726e-07,3.0,
focal_strict,"HEADLINE - new attention beyond the mandated response (drops cat-30, 1X/2F/7R orders-and-monitoring, and any agency event within +/-3 days of the trigger)",event_month,2.0,0.012587953364979856,0.004787172041726399,0.0032050269885126013,0.02197087974144711,0.008553392848586583,,,,bbl,8448.0,39046.0,1187350.0,0.028132891414141416,0.043915719696969696,51.56345834334222,11.0,3.2704593638612726e-07,3.0,
focal_strict,"HEADLINE - new attention beyond the mandated response (drops cat-30, 1X/2F/7R orders-and-monitoring, and any agency event within +/-3 days of the trigger)",event_month,3.0,0.0005994355151925552,0.004603994220665736,-0.008424459685074466,0.009623330715459578,0.8964095305069781,,,,bbl,8448.0,39046.0,1187350.0,0.028132891414141416,0.043915719696969696,51.56345834334222,11.0,3.2704593638612726e-07,3.0,
focal_strict,"HEADLINE - new attention beyond the mandated response (drops cat-30, 1X/2F/7R orders-and-monitoring, and any agency event within +/-3 days of the trigger)",event_month,4.0,0.011312916994731099,0.005467270604521931,0.0005969876077536185,0.02202884638170858,0.0385320768743771,,,,bbl,8448.0,39046.0,1187350.0,0.028132891414141416,0.043915719696969696,51.56345834334222,11.0,3.2704593638612726e-07,3.0,
focal_strict,"HEADLINE - new attention beyond the mandated response (drops cat-30, 1X/2F/7R orders-and-monitoring, and any agency event within +/-3 days of the trigger)",event_month,5.0,0.0019662275986733575,0.004273387501703033,-0.006409673655156398,0.010342128852503112,0.6454395164210371,,,,bbl,8448.0,39046.0,1187350.0,0.028132891414141416,0.043915719696969696,51.56345834334222,11.0,3.2704593638612726e-07,3.0,
focal_strict,"HEADLINE - new attention beyond the mandated response (drops cat-30, 1X/2F/7R orders-and-monitoring, and any agency event within +/-3 days of the trigger)",event_month,6.0,-0.0017566503919266973,0.004370050228565221,-0.010322011987183704,0.006808711203330309,0.687704345028632,,,,bbl,8448.0,39046.0,1187350.0,0.028132891414141416,0.043915719696969696,51.56345834334222,11.0,3.2704593638612726e-07,3.0,
focal_strict,"HEADLINE - new attention beyond the mandated response (drops cat-30, 1X/2F/7R orders-and-monitoring, and any agency event within +/-3 days of the trigger)",event_month,7.0,-0.002121159212505419,0.004220325578541338,-0.010393058330192934,0.0061507399051820965,0.6152439552413376,,,,bbl,8448.0,39046.0,1187350.0,0.028132891414141416,0.043915719696969696,51.56345834334222,11.0,3.2704593638612726e-07,3.0,
focal_strict,"HEADLINE - new attention beyond the mandated response (drops cat-30, 1X/2F/7R orders-and-monitoring, and any agency event within +/-3 days of the trigger)",event_month,8.0,-0.004762171982473112,0.00425722586910543,-0.013106396202875814,0.0035820522379295897,0.26331261700559927,,,,bbl,8448.0,39046.0,1187350.0,0.028132891414141416,0.043915719696969696,51.56345834334222,11.0,3.2704593638612726e-07,3.0,
focal_strict,"HEADLINE - new attention beyond the mandated response (drops cat-30, 1X/2F/7R orders-and-monitoring, and any agency event within +/-3 days of the trigger)",event_month,9.0,0.0005567276024510811,0.004357418031366118,-0.007983874703760309,0.00909732990866247,0.8983351163049513,,,,bbl,8448.0,39046.0,1187350.0,0.028132891414141416,0.043915719696969696,51.56345834334222,11.0,3.2704593638612726e-07,3.0,
focal_strict,"HEADLINE - new attention beyond the mandated response (drops cat-30, 1X/2F/7R orders-and-monitoring, and any agency event within +/-3 days of the trigger)",event_month,10.0,0.002338092260084182,0.004750656651564236,-0.006973263424017485,0.011649447944185848,0.6226071860414175,,,,bbl,8448.0,39046.0,1187350.0,0.028132891414141416,0.043915719696969696,51.56345834334222,11.0,3.2704593638612726e-07,3.0,
focal_strict,"HEADLINE - new attention beyond the mandated response (drops cat-30, 1X/2F/7R orders-and-monitoring, and any agency event within +/-3 days of the trigger)",event_month,11.0,0.0035648699838226974,0.004757374985414872,-0.005759653731706206,0.0128893936993516,0.45365876314966935,,,,bbl,8448.0,39046.0,1187350.0,0.028132891414141416,0.043915719696969696,51.56345834334222,11.0,3.2704593638612726e-07,3.0,
focal_strict,"HEADLINE - new attention beyond the mandated response (drops cat-30, 1X/2F/7R orders-and-monitoring, and any agency event within +/-3 days of the trigger)",event_month,12.0,0.0010852709399684513,0.00447441445293891,-0.007684646043125062,0.009855187923061965,0.8083547801057995,,,,bbl,8448.0,39046.0,1187350.0,0.028132891414141416,0.043915719696969696,51.56345834334222,11.0,3.2704593638612726e-07,3.0,
focal_strict,"HEADLINE - new attention beyond the mandated response (drops cat-30, 1X/2F/7R orders-and-monitoring, and any agency event within +/-3 days of the trigger)",avg_months_0_3,,0.011452596706223353,0.003553233200306099,0.0044882596336234,0.018416933778823308,0.0012678999722553143,,,,bbl,8448.0,39046.0,1187350.0,0.028132891414141416,0.043915719696969696,51.56345834334222,11.0,3.2704593638612726e-07,3.0,
focal_strict,"HEADLINE - new attention beyond the mandated response (drops cat-30, 1X/2F/7R orders-and-monitoring, and any agency event within +/-3 days of the trigger)",pct_m0_vs_pre12_mean,,38.382602232315705,15.358461589714494,8.280017516475299,68.48518694815611,0.012450297446054158,,,,bbl,8448.0,39046.0,1187350.0,0.028132891414141416,0.043915719696969696,51.56345834334222,11.0,3.2704593638612726e-07,3.0,denominator pre12_mean = 0.0281
focal_strict,"HEADLINE - new attention beyond the mandated response (drops cat-30, 1X/2F/7R orders-and-monitoring, and any agency event within +/-3 days of the trigger)",pct_m0_vs_m1_level,,24.5883157157602,9.838798844084847,5.304269981353898,43.872361450166494,0.012450297446054158,,,,bbl,8448.0,39046.0,1187350.0,0.028132891414141416,0.043915719696969696,51.56345834334222,11.0,3.2704593638612726e-07,3.0,denominator m1_level = 0.0439
focal_strict,"HEADLINE - new attention beyond the mandated response (drops cat-30, 1X/2F/7R orders-and-monitoring, and any agency event within +/-3 days of the trigger)",pct_avg03_vs_pre12_mean,,40.70892158801187,12.630174225604174,15.953780105827692,65.46406307019606,0.0012678999722553143,,,,bbl,8448.0,39046.0,1187350.0,0.028132891414141416,0.043915719696969696,51.56345834334222,11.0,3.2704593638612726e-07,3.0,denominator pre12_mean = 0.0281
focal_strict,"HEADLINE - new attention beyond the mandated response (drops cat-30, 1X/2F/7R orders-and-monitoring, and any agency event within +/-3 days of the trigger)",pct_avg03_vs_m1_level,,26.078581394656304,8.091028052880302,10.220166411010911,41.9369963783017,0.0012678999722553143,,,,bbl,8448.0,39046.0,1187350.0,0.028132891414141416,0.043915719696969696,51.56345834334222,11.0,3.2704593638612726e-07,3.0,denominator m1_level = 0.0439
focal_strict,"HEADLINE - new attention beyond the mandated response (drops cat-30, 1X/2F/7R orders-and-monitoring, and any agency event within +/-3 days of the trigger)",ramp_m0_minus_linear,,0.01924170676924631,0.003778259646418791,0.01183631786226548,0.02664709567622714,3.5291925333974153e-07,5.092743371272667,-0.008443570961307108,,bbl,8448.0,39046.0,1187350.0,0.028132891414141416,0.043915719696969696,51.56345834334222,11.0,3.2704593638612726e-07,3.0,month 0 minus the linear continuation of the pre-period ramp (fit on t=-12..-2)
focal_strict,"HEADLINE - new attention beyond the mandated response (drops cat-30, 1X/2F/7R orders-and-monitoring, and any agency event within +/-3 days of the trigger)",ramp_avg03_minus_linear,,0.018364821514160495,0.003049471223717579,0.01238785791567404,0.024341785112646952,1.7195893732363499e-09,6.022297036721052,-0.0069122248079371415,,bbl,8448.0,39046.0,1187350.0,0.028132891414141416,0.043915719696969696,51.56345834334222,11.0,3.2704593638612726e-07,3.0,months 0-3 avg minus the linear continuation of the pre-period ramp (fit on t=-12..-2)
focal_strict,"HEADLINE - new attention beyond the mandated response (drops cat-30, 1X/2F/7R orders-and-monitoring, and any agency event within +/-3 days of the trigger)",ramp_m0_minus_quadratic,,0.021913833734193897,0.005014153590191232,0.012086092697419082,0.031741574770968714,1.240217598884355e-05,4.370395389774675,-0.011115697926254704,,bbl,8448.0,39046.0,1187350.0,0.028132891414141416,0.043915719696969696,51.56345834334222,11.0,3.2704593638612726e-07,3.0,month 0 minus the quadratic continuation of the pre-period ramp (fit on t=-12..-2)
focal_strict,"HEADLINE - new attention beyond the mandated response (drops cat-30, 1X/2F/7R orders-and-monitoring, and any agency event within +/-3 days of the trigger)",ramp_avg03_minus_quadratic,,0.022715592341703547,0.006272598496122202,0.01042129928930403,0.03500988539410306,0.0002930123161966325,3.6214006612644836,-0.011262995635480198,,bbl,8448.0,39046.0,1187350.0,0.028132891414141416,0.043915719696969696,51.56345834334222,11.0,3.2704593638612726e-07,3.0,months 0-3 avg minus the quadratic continuation of the pre-period ramp (fit on t=-12..-2)
focal_total_response,variant - total response (orders and monitoring enrollment included; excludes cat-30 only),event_month,-1.0,0.0,,,,,,,,bbl,8448.0,39046.0,1187350.0,0.032344933712121215,0.05113636363636364,61.86536334920602,11.0,4.167097401729954e-09,3.0,
focal_total_response,variant - total response (orders and monitoring enrollment included; excludes cat-30 only),event_month,-12.0,-0.027213865163873283,0.004096426700008346,-0.03524292068929611,-0.019184809638450456,3.1003422051867346e-11,,,,bbl,8448.0,39046.0,1187350.0,0.032344933712121215,0.05113636363636364,61.86536334920602,11.0,4.167097401729954e-09,3.0,
focal_total_response,variant - total response (orders and monitoring enrollment included; excludes cat-30 only),event_month,-11.0,-0.023482619009052647,0.0044641356468506565,-0.032232389383684334,-0.01473284863442096,1.4446202056817015e-07,,,,bbl,8448.0,39046.0,1187350.0,0.032344933712121215,0.05113636363636364,61.86536334920602,11.0,4.167097401729954e-09,3.0,
focal_total_response,variant - total response (orders and monitoring enrollment included; excludes cat-30 only),event_month,-10.0,-0.025195834531225893,0.004315730383037402,-0.03365472844432607,-0.01673694061812572,5.313306017384889e-09,,,,bbl,8448.0,39046.0,1187350.0,0.032344933712121215,0.05113636363636364,61.86536334920602,11.0,4.167097401729954e-09,3.0,
focal_total_response,variant - total response (orders and monitoring enrollment included; excludes cat-30 only),event_month,-9.0,-0.022495954168276797,0.004462488620962567,-0.031242496348368287,-0.013749411988185306,4.6452311464051377e-07,,,,bbl,8448.0,39046.0,1187350.0,0.032344933712121215,0.05113636363636364,61.86536334920602,11.0,4.167097401729954e-09,3.0,
focal_total_response,variant - total response (orders and monitoring enrollment included; excludes cat-30 only),event_month,-8.0,-0.018772463476773582,0.004361235143958826,-0.027320547378823994,-0.010224379574723169,1.6778365485636826e-05,,,,bbl,8448.0,39046.0,1187350.0,0.032344933712121215,0.05113636363636364,61.86536334920602,11.0,4.167097401729954e-09,3.0,
focal_total_response,variant - total response (orders and monitoring enrollment included; excludes cat-30 only),event_month,-7.0,-0.014402721850848843,0.004914425578725816,-0.024035066998649827,-0.004770376703047859,0.003383586441381148,,,,bbl,8448.0,39046.0,1187350.0,0.032344933712121215,0.05113636363636364,61.86536334920602,11.0,4.167097401729954e-09,3.0,
focal_total_response,variant - total response (orders and monitoring enrollment included; excludes cat-30 only),event_month,-6.0,-0.014580025539037433,0.005051939248845261,-0.024481899467346427,-0.004678151610728437,0.0039031805237943473,,,,bbl,8448.0,39046.0,1187350.0,0.032344933712121215,0.05113636363636364,61.86536334920602,11.0,4.167097401729954e-09,3.0,
focal_total_response,variant - total response (orders and monitoring enrollment included; excludes cat-30 only),event_month,-5.0,-0.018325394139677494,0.004659416428578725,-0.02745791766830543,-0.009192870611049559,8.401936478996674e-05,,,,bbl,8448.0,39046.0,1187350.0,0.032344933712121215,0.05113636363636364,61.86536334920602,11.0,4.167097401729954e-09,3.0,
focal_total_response,variant - total response (orders and monitoring enrollment included; excludes cat-30 only),event_month,-4.0,-0.011851234463745367,0.004980127280514244,-0.021612355896441914,-0.002090113031048821,0.017330460885001564,,,,bbl,8448.0,39046.0,1187350.0,0.032344933712121215,0.05113636363636364,61.86536334920602,11.0,4.167097401729954e-09,3.0,
focal_total_response,variant - total response (orders and monitoring enrollment included; excludes cat-30 only),event_month,-3.0,-0.017015411591984247,0.004106318328929114,-0.025063854853025917,-0.008966968330942578,3.423222002973958e-05,,,,bbl,8448.0,39046.0,1187350.0,0.032344933712121215,0.05113636363636364,61.86536334920602,11.0,4.167097401729954e-09,3.0,
focal_total_response,variant - total response (orders and monitoring enrollment included; excludes cat-30 only),event_month,-2.0,-0.014976218942449594,0.004191909980295423,-0.02319242307696944,-0.006760014807929747,0.0003537427321260722,,,,bbl,8448.0,39046.0,1187350.0,0.032344933712121215,0.05113636363636364,61.86536334920602,11.0,4.167097401729954e-09,3.0,
focal_total_response,variant - total response (orders and monitoring enrollment included; excludes cat-30 only),event_month,0.0,0.13704557109886537,0.007027814008727514,0.12327095408977727,0.15082018810795347,0.0,,,,bbl,8448.0,39046.0,1187350.0,0.032344933712121215,0.05113636363636364,61.86536334920602,11.0,4.167097401729954e-09,3.0,
focal_total_response,variant - total response (orders and monitoring enrollment included; excludes cat-30 only),event_month,1.0,0.03511028445072104,0.006730576480734327,0.02191825729158482,0.04830231160985726,1.83072904391679e-07,,,,bbl,8448.0,39046.0,1187350.0,0.032344933712121215,0.05113636363636364,61.86536334920602,11.0,4.167097401729954e-09,3.0,
focal_total_response,variant - total response (orders and monitoring enrollment included; excludes cat-30 only),event_month,2.0,0.011058405560352935,0.005150437418100927,0.0009634737970033117,0.02115333732370256,0.031791944303528386,,,,bbl,8448.0,39046.0,1187350.0,0.032344933712121215,0.05113636363636364,61.86536334920602,11.0,4.167097401729954e-09,3.0,
focal_total_response,variant - total response (orders and monitoring enrollment included; excludes cat-30 only),event_month,3.0,0.002744158725493396,0.0054953144959167905,-0.008026737093852517,0.01351505454483931,0.617525761628392,,,,bbl,8448.0,39046.0,1187350.0,0.032344933712121215,0.05113636363636364,61.86536334920602,11.0,4.167097401729954e-09,3.0,
focal_total_response,variant - total response (orders and monitoring enrollment included; excludes cat-30 only),event_month,4.0,0.01255343761987126,0.006929933910909599,-0.0010293329831253407,0.026136208222867864,0.07007294046037038,,,,bbl,8448.0,39046.0,1187350.0,0.032344933712121215,0.05113636363636364,61.86536334920602,11.0,4.167097401729954e-09,3.0,
focal_total_response,variant - total response (orders and monitoring enrollment included; excludes cat-30 only),event_month,5.0,0.002820905365410511,0.004678565070057588,-0.006349149777214055,0.011990960508035078,0.5465499007057439,,,,bbl,8448.0,39046.0,1187350.0,0.032344933712121215,0.05113636363636364,61.86536334920602,11.0,4.167097401729954e-09,3.0,
focal_total_response,variant - total response (orders and monitoring enrollment included; excludes cat-30 only),event_month,6.0,-0.00329861676858483,0.004852171892801678,-0.012808943792408125,0.0062117102552384645,0.49662005671024145,,,,bbl,8448.0,39046.0,1187350.0,0.032344933712121215,0.05113636363636364,61.86536334920602,11.0,4.167097401729954e-09,3.0,
focal_total_response,variant - total response (orders and monitoring enrollment included; excludes cat-30 only),event_month,7.0,-0.0033320598685526556,0.004937975910956835,-0.01301056400782897,0.00634644427072366,0.49981726105600277,,,,bbl,8448.0,39046.0,1187350.0,0.032344933712121215,0.05113636363636364,61.86536334920602,11.0,4.167097401729954e-09,3.0,
focal_total_response,variant - total response (orders and monitoring enrollment included; excludes cat-30 only),event_month,8.0,-0.006167168368068078,0.0047810510352455605,-0.015538097483384285,0.003203760747248128,0.1970851433275862,,,,bbl,8448.0,39046.0,1187350.0,0.032344933712121215,0.05113636363636364,61.86536334920602,11.0,4.167097401729954e-09,3.0,
focal_total_response,variant - total response (orders and monitoring enrollment included; excludes cat-30 only),event_month,9.0,0.00135357399544086,0.0050264372402416425,-0.008498315627500764,0.011205463618382485,0.7877069875992877,,,,bbl,8448.0,39046.0,1187350.0,0.032344933712121215,0.05113636363636364,61.86536334920602,11.0,4.167097401729954e-09,3.0,
focal_total_response,variant - total response (orders and monitoring enrollment included; excludes cat-30 only),event_month,10.0,0.0033003166878645836,0.005287840033224245,-0.007063926186595895,0.013664559562325063,0.5325431200060455,,,,bbl,8448.0,39046.0,1187350.0,0.032344933712121215,0.05113636363636364,61.86536334920602,11.0,4.167097401729954e-09,3.0,
focal_total_response,variant - total response (orders and monitoring enrollment included; excludes cat-30 only),event_month,11.0,0.005093808736738236,0.005426667575236038,-0.005542538126124716,0.01573015559960119,0.3479089336416634,,,,bbl,8448.0,39046.0,1187350.0,0.032344933712121215,0.05113636363636364,61.86536334920602,11.0,4.167097401729954e-09,3.0,
focal_total_response,variant - total response (orders and monitoring enrollment included; excludes cat-30 only),event_month,12.0,0.0021402201728330807,0.005237766135773391,-0.00812587713905541,0.012406317484721572,0.6828254326403624,,,,bbl,8448.0,39046.0,1187350.0,0.032344933712121215,0.05113636363636364,61.86536334920602,11.0,4.167097401729954e-09,3.0,
focal_total_response,variant - total response (orders and monitoring enrollment included; excludes cat-30 only),avg_months_0_3,,0.046489604958858184,0.004366952658688381,0.03793037774782896,0.05504883216988741,1.8245528685444742e-26,,,,bbl,8448.0,39046.0,1187350.0,0.032344933712121215,0.05113636363636364,61.86536334920602,11.0,4.167097401729954e-09,3.0,
focal_total_response,variant - total response (orders and monitoring enrollment included; excludes cat-30 only),pct_m0_vs_pre12_mean,,423.70026885387534,21.727711892307422,381.11395354495284,466.2865841627979,1.088099546061256e-84,,,,bbl,8448.0,39046.0,1187350.0,0.032344933712121215,0.05113636363636364,61.86536334920602,11.0,4.167097401729954e-09,3.0,denominator pre12_mean = 0.0323
focal_total_response,variant - total response (orders and monitoring enrollment included; excludes cat-30 only),pct_m0_vs_m1_level,,268.00022792667005,13.743280728178247,241.06339769944066,294.9370581538994,1.088099546061256e-84,,,,bbl,8448.0,39046.0,1187350.0,0.032344933712121215,0.05113636363636364,61.86536334920602,11.0,4.167097401729954e-09,3.0,denominator m1_level = 0.0511
focal_total_response,variant - total response (orders and monitoring enrollment included; excludes cat-30 only),pct_avg03_vs_pre12_mean,,143.7307164473683,13.501195264629255,117.26837372869498,170.19305916604165,1.8245528685444742e-26,,,,bbl,8448.0,39046.0,1187350.0,0.032344933712121215,0.05113636363636364,61.86536334920602,11.0,4.167097401729954e-09,3.0,denominator pre12_mean = 0.0323
focal_total_response,variant - total response (orders and monitoring enrollment included; excludes cat-30 only),pct_avg03_vs_m1_level,,90.91300525287822,8.539818532546168,74.17496092908775,107.65104957666871,1.8245528685444742e-26,,,,bbl,8448.0,39046.0,1187350.0,0.032344933712121215,0.05113636363636364,61.86536334920602,11.0,4.167097401729954e-09,3.0,denominator m1_level = 0.0511
focal_total_response,variant - total response (orders and monitoring enrollment included; excludes cat-30 only),ramp_m0_minus_linear,,0.14709781197122973,0.006628674345794665,0.13410561025347217,0.1600900136889873,4.1829569172739694e-109,22.191135707933956,-0.010052240872364384,,bbl,8448.0,39046.0,1187350.0,0.032344933712121215,0.05113636363636364,61.86536334920602,11.0,4.167097401729954e-09,3.0,month 0 minus the linear continuation of the pre-period ramp (fit on t=-12..-2)
focal_total_response,variant - total response (orders and monitoring enrollment included; excludes cat-30 only),ramp_avg03_minus_linear,,0.054637876481593926,0.003855948305533142,0.04708021780274897,0.06219553516043888,1.4097399497681434e-45,14.16976373962032,-0.008148271522735744,,bbl,8448.0,39046.0,1187350.0,0.032344933712121215,0.05113636363636364,61.86536334920602,11.0,4.167097401729954e-09,3.0,months 0-3 avg minus the linear continuation of the pre-period ramp (fit on t=-12..-2)
focal_total_response,variant - total response (orders and monitoring enrollment included; excludes cat-30 only),ramp_m0_minus_quadratic,,0.15390075136702688,0.007573584673102981,0.13905652540774505,0.16874497732630872,8.431736451164451e-92,20.320727635566534,-0.0168551802681615,,bbl,8448.0,39046.0,1187350.0,0.032344933712121215,0.05113636363636364,61.86536334920602,11.0,4.167097401729954e-09,3.0,month 0 minus the quadratic continuation of the pre-period ramp (fit on t=-12..-2)
focal_total_response,variant - total response (orders and monitoring enrollment included; excludes cat-30 only),ramp_avg03_minus_quadratic,,0.0657144572926998,0.007301761232798462,0.05140300527641481,0.08002590930898479,2.2611047103968624e-19,8.99980911420657,-0.019224852333841615,,bbl,8448.0,39046.0,1187350.0,0.032344933712121215,0.05113636363636364,61.86536334920602,11.0,4.167097401729954e-09,3.0,months 0-3 avg minus the quadratic continuation of the pre-period ramp (fit on t=-12..-2)
focal_incl_cat30,variant - total response including agency cat-30 follow-ups,event_month,-1.0,0.0,,,,,,,,bbl,8448.0,39046.0,1187350.0,0.03354837436868687,0.05433238636363636,64.08995619023139,11.0,1.5975203106547693e-09,2.0,
focal_incl_cat30,variant - total response including agency cat-30 follow-ups,event_month,-12.0,-0.029510314843737395,0.004326164006584274,-0.037989658809755404,-0.021030970877719386,9.127143485443412e-12,,,,bbl,8448.0,39046.0,1187350.0,0.03354837436868687,0.05433238636363636,64.08995619023139,11.0,1.5975203106547693e-09,2.0,
focal_incl_cat30,variant - total response including agency cat-30 follow-ups,event_month,-11.0,-0.025541409002188074,0.004653416769492742,-0.03466217311231235,-0.016420644892063796,4.0689032143603754e-08,,,,bbl,8448.0,39046.0,1187350.0,0.03354837436868687,0.05433238636363636,64.08995619023139,11.0,1.5975203106547693e-09,2.0,
focal_incl_cat30,variant - total response including agency cat-30 follow-ups,event_month,-10.0,-0.02725407727801429,0.004526748595008241,-0.036126569935792566,-0.018381584620236015,1.7497634452467992e-09,,,,bbl,8448.0,39046.0,1187350.0,0.03354837436868687,0.05433238636363636,64.08995619023139,11.0,1.5975203106547693e-09,2.0,
focal_incl_cat30,variant - total response including agency cat-30 follow-ups,event_month,-9.0,-0.02481847368120186,0.004659135990392802,-0.03395044754693305,-0.01568649981547067,1.0039445030862737e-07,,,,bbl,8448.0,39046.0,1187350.0,0.03354837436868687,0.05433238636363636,64.08995619023139,11.0,1.5975203106547693e-09,2.0,
focal_incl_cat30,variant - total response including agency cat-30 follow-ups,event_month,-8.0,-0.02051792859314663,0.004587874352788547,-0.02951022861944211,-0.011525628566851149,7.75970865518616e-06,,,,bbl,8448.0,39046.0,1187350.0,0.03354837436868687,0.05433238636363636,64.08995619023139,11.0,1.5975203106547693e-09,2.0,
focal_incl_cat30,variant - total response including agency cat-30 follow-ups,event_month,-7.0,-0.01626605737517042,0.005105272249160779,-0.026272464754760215,-0.006259649995580626,0.0014428434504112353,,,,bbl,8448.0,39046.0,1187350.0,0.03354837436868687,0.05433238636363636,64.08995619023139,11.0,1.5975203106547693e-09,2.0,
focal_incl_cat30,variant - total response including agency cat-30 follow-ups,event_month,-6.0,-0.016985293012096763,0.005222459362576878,-0.027221388827337063,-0.006749197196856464,0.0011453354605710508,,,,bbl,8448.0,39046.0,1187350.0,0.03354837436868687,0.05433238636363636,64.08995619023139,11.0,1.5975203106547693e-09,2.0,
focal_incl_cat30,variant - total response including agency cat-30 follow-ups,event_month,-5.0,-0.02061235626581986,0.004845750068430107,-0.030110096421079452,-0.011114616110560272,2.1067514632822082e-05,,,,bbl,8448.0,39046.0,1187350.0,0.03354837436868687,0.05433238636363636,64.08995619023139,11.0,1.5975203106547693e-09,2.0,
focal_incl_cat30,variant - total response including agency cat-30 follow-ups,event_month,-4.0,-0.013138458532110587,0.0051594494769115155,-0.023251054060953305,-0.0030258630032678705,0.010884562166692424,,,,bbl,8448.0,39046.0,1187350.0,0.03354837436868687,0.05433238636363636,64.08995619023139,11.0,1.5975203106547693e-09,2.0,
focal_incl_cat30,variant - total response including agency cat-30 follow-ups,event_month,-3.0,-0.01925987769704233,0.004299508530352008,-0.027686976544473198,-0.01083277884961146,7.497542063861218e-06,,,,bbl,8448.0,39046.0,1187350.0,0.03354837436868687,0.05433238636363636,64.08995619023139,11.0,1.5975203106547693e-09,2.0,
focal_incl_cat30,variant - total response including agency cat-30 follow-ups,event_month,-2.0,-0.01683986437255031,0.00439262015558028,-0.0254494633508925,-0.008230265394208118,0.00012640891678139532,,,,bbl,8448.0,39046.0,1187350.0,0.03354837436868687,0.05433238636363636,64.08995619023139,11.0,1.5975203106547693e-09,2.0,
focal_incl_cat30,variant - total response including agency cat-30 follow-ups,event_month,0.0,0.15714762823955356,0.0077131217908707125,0.14202979807476054,0.17226545840434657,0.0,,,,bbl,8448.0,39046.0,1187350.0,0.03354837436868687,0.05433238636363636,64.08995619023139,11.0,1.5975203106547693e-09,2.0,
focal_incl_cat30,variant - total response including agency cat-30 follow-ups,event_month,1.0,0.03688127225971948,0.0071792817829370486,0.022809776224469853,0.050952768294969114,2.800017744331029e-07,,,,bbl,8448.0,39046.0,1187350.0,0.03354837436868687,0.05433238636363636,64.08995619023139,11.0,1.5975203106547693e-09,2.0,
focal_incl_cat30,variant - total response including agency cat-30 follow-ups,event_month,2.0,0.010420105309774,0.005365328946978838,-9.601695536105327e-05,0.020936227574909053,0.05212870568096517,,,,bbl,8448.0,39046.0,1187350.0,0.03354837436868687,0.05433238636363636,64.08995619023139,11.0,1.5975203106547693e-09,2.0,
focal_incl_cat30,variant - total response including agency cat-30 follow-ups,event_month,3.0,0.0010301146689026418,0.005690151414364116,-0.010122664325995434,0.012182893663800718,0.8563411453547345,,,,bbl,8448.0,39046.0,1187350.0,0.03354837436868687,0.05433238636363636,64.08995619023139,11.0,1.5975203106547693e-09,2.0,
focal_incl_cat30,variant - total response including agency cat-30 follow-ups,event_month,4.0,0.011332680437567931,0.007076828498703112,-0.0025380056801322087,0.025203366555268072,0.10929984884210531,,,,bbl,8448.0,39046.0,1187350.0,0.03354837436868687,0.05433238636363636,64.08995619023139,11.0,1.5975203106547693e-09,2.0,
focal_incl_cat30,variant - total response including agency cat-30 follow-ups,event_month,5.0,0.0007720245428415953,0.004855801991880653,-0.008745417527631458,0.01028946661331465,0.8736773406811933,,,,bbl,8448.0,39046.0,1187350.0,0.03354837436868687,0.05433238636363636,64.08995619023139,11.0,1.5975203106547693e-09,2.0,
focal_incl_cat30,variant - total response including agency cat-30 follow-ups,event_month,6.0,-0.005254876886305385,0.005030225343057516,-0.015114191245504244,0.004604437472893474,0.2961853555493519,,,,bbl,8448.0,39046.0,1187350.0,0.03354837436868687,0.05433238636363636,64.08995619023139,11.0,1.5975203106547693e-09,2.0,
focal_incl_cat30,variant - total response including agency cat-30 follow-ups,event_month,7.0,-0.005273049120321495,0.005110690433880391,-0.01529007622025455,0.004743977979611561,0.3021859131039395,,,,bbl,8448.0,39046.0,1187350.0,0.03354837436868687,0.05433238636363636,64.08995619023139,11.0,1.5975203106547693e-09,2.0,
focal_incl_cat30,variant - total response including agency cat-30 follow-ups,event_month,8.0,-0.007933348988340347,0.005006198741383178,-0.01774557086107287,0.0018788728843921777,0.11304006502778496,,,,bbl,8448.0,39046.0,1187350.0,0.03354837436868687,0.05433238636363636,64.08995619023139,11.0,1.5975203106547693e-09,2.0,
focal_incl_cat30,variant - total response including agency cat-30 follow-ups,event_month,9.0,-0.0004853678619923049,0.005238842294619639,-0.010753574460769947,0.009782838736785338,0.9261836645238577,,,,bbl,8448.0,39046.0,1187350.0,0.03354837436868687,0.05433238636363636,64.08995619023139,11.0,1.5975203106547693e-09,2.0,
focal_incl_cat30,variant - total response including agency cat-30 follow-ups,event_month,10.0,0.0011830648875538947,0.005429949610331328,-0.009459714811521266,0.011825844586629055,0.8275253546720198,,,,bbl,8448.0,39046.0,1187350.0,0.03354837436868687,0.05433238636363636,64.08995619023139,11.0,1.5975203106547693e-09,2.0,
focal_incl_cat30,variant - total response including agency cat-30 follow-ups,event_month,11.0,0.004040441755784887,0.005795515556155226,-0.007318852479536659,0.015399735991106433,0.48570178323396496,,,,bbl,8448.0,39046.0,1187350.0,0.03354837436868687,0.05433238636363636,64.08995619023139,11.0,1.5975203106547693e-09,2.0,
focal_incl_cat30,variant - total response including agency cat-30 follow-ups,event_month,12.0,-0.00029064458187323547,0.005392946829365872,-0.01086089829556555,0.01027960913181908,0.9570202736669966,,,,bbl,8448.0,39046.0,1187350.0,0.03354837436868687,0.05433238636363636,64.08995619023139,11.0,1.5975203106547693e-09,2.0,
focal_incl_cat30,variant - total response including agency cat-30 follow-ups,avg_months_0_3,,0.05136978011948742,0.004640066241309824,0.04227525028652016,0.06046430995245467,1.736182496546565e-28,,,,bbl,8448.0,39046.0,1187350.0,0.03354837436868687,0.05433238636363636,64.08995619023139,11.0,1.5975203106547693e-09,2.0,
focal_incl_cat30,variant - total response including agency cat-30 follow-ups,pct_m0_vs_pre12_mean,,468.42099266136375,22.991044830088484,423.3585447943903,513.483440528337,2.8410140703177716e-92,,,,bbl,8448.0,39046.0,1187350.0,0.03354837436868687,0.05433238636363636,64.08995619023139,11.0,1.5975203106547693e-09,2.0,denominator pre12_mean = 0.0335
focal_incl_cat30,variant - total response including agency cat-30 follow-ups,pct_m0_vs_m1_level,,289.2338046552829,14.196177100060083,261.40929753916515,317.0583117714006,2.8410140703177716e-92,,,,bbl,8448.0,39046.0,1187350.0,0.03354837436868687,0.05433238636363636,64.08995619023139,11.0,1.5975203106547693e-09,2.0,denominator m1_level = 0.0543
focal_incl_cat30,variant - total response including agency cat-30 follow-ups,pct_avg03_vs_pre12_mean,,153.12151806507367,13.830971928227717,126.01281308574737,180.23022304440002,1.736182496546565e-28,,,,bbl,8448.0,39046.0,1187350.0,0.03354837436868687,0.05433238636363636,64.08995619023139,11.0,1.5975203106547693e-09,2.0,denominator pre12_mean = 0.0335
focal_incl_cat30,variant - total response including agency cat-30 follow-ups,pct_avg03_vs_m1_level,,94.5472554356056,8.540148062436904,77.80856523322926,111.28594563798192,1.736182496546565e-28,,,,bbl,8448.0,39046.0,1187350.0,0.03354837436868687,0.05433238636363636,64.08995619023139,11.0,1.5975203106547693e-09,2.0,denominator m1_level = 0.0543
focal_incl_cat30,variant - total response including agency cat-30 follow-ups,ramp_m0_minus_linear,,0.16903899530272168,0.007299577764845985,0.15473182288362355,0.1833461677218198,1.2254109090280586e-118,23.15736618586298,-0.011891367063168108,,bbl,8448.0,39046.0,1187350.0,0.03354837436868687,0.05433238636363636,64.08995619023139,11.0,1.5975203106547693e-09,2.0,month 0 minus the linear continuation of the pre-period ramp (fit on t=-12..-2)
focal_incl_cat30,variant - total response including agency cat-30 follow-ups,ramp_avg03_minus_linear,,0.06131428212502768,0.004043402085362988,0.05338921403771622,0.06923935021233914,6.119364044577511e-52,15.164032869000046,-0.009944502005540257,,bbl,8448.0,39046.0,1187350.0,0.03354837436868687,0.05433238636363636,64.08995619023139,11.0,1.5975203106547693e-09,2.0,months 0-3 avg minus the linear continuation of the pre-period ramp (fit on t=-12..-2)
focal_incl_cat30,variant - total response including agency cat-30 follow-ups,ramp_m0_minus_quadratic,,0.17589778279129006,0.008229474362786112,0.15976801304022928,0.19202755254235085,2.3266178773321374e-101,21.37412124238508,-0.018750154551736512,,bbl,8448.0,39046.0,1187350.0,0.03354837436868687,0.05433238636363636,64.08995619023139,11.0,1.5975203106547693e-09,2.0,month 0 minus the quadratic continuation of the pre-period ramp (fit on t=-12..-2)
focal_incl_cat30,variant - total response including agency cat-30 follow-ups,ramp_avg03_minus_quadratic,,0.07248179508718425,0.007585078452225307,0.057615041320822645,0.08734854885354584,1.2258554012034434e-21,9.555839869516388,-0.02111201496769684,,bbl,8448.0,39046.0,1187350.0,0.03354837436868687,0.05433238636363636,64.08995619023139,11.0,1.5975203106547693e-09,2.0,months 0-3 avg minus the quadratic continuation of the pre-period ramp (fit on t=-12..-2)
block_spillover,"same-block neighbors of block-first incidents, total-response outcome",event_month,-1.0,0.0,,,,,,,,block,37302.0,31698.0,1751875.0,0.017121800383910504,0.019933814524324467,16.114635716613673,11.0,0.13692814735857284,1.0,
block_spillover,"same-block neighbors of block-first incidents, total-response outcome",event_month,-12.0,-0.004063060341581239,0.002135847804662489,-0.00824957756537135,0.00012345688220887115,0.05714850816610162,,,,block,37302.0,31698.0,1751875.0,0.017121800383910504,0.019933814524324467,16.114635716613673,11.0,0.13692814735857284,1.0,
block_spillover,"same-block neighbors of block-first incidents, total-response outcome",event_month,-11.0,-0.0006708835164987964,0.002222696333130759,-0.00502763424639338,0.003685867213395787,0.7627833489512745,,,,block,37302.0,31698.0,1751875.0,0.017121800383910504,0.019933814524324467,16.114635716613673,11.0,0.13692814735857284,1.0,
block_spillover,"same-block neighbors of block-first incidents, total-response outcome",event_month,-10.0,-0.0037437383993516827,0.0022185385695175056,-0.00809233941514148,0.0006048626164381152,0.09153164534044911,,,,block,37302.0,31698.0,1751875.0,0.017121800383910504,0.019933814524324467,16.114635716613673,11.0,0.13692814735857284,1.0,
block_spillover,"same-block neighbors of block-first incidents, total-response outcome",event_month,-9.0,-0.0051653368753062975,0.002085887600663884,-0.009253926122164887,-0.0010767476284477082,0.013285018984514396,,,,block,37302.0,31698.0,1751875.0,0.017121800383910504,0.019933814524324467,16.114635716613673,11.0,0.13692814735857284,1.0,
block_spillover,"same-block neighbors of block-first incidents, total-response outcome",event_month,-8.0,-0.0016652508634663295,0.0027339186724498043,-0.007024058539587782,0.0036935568126551226,0.5424621447830105,,,,block,37302.0,31698.0,1751875.0,0.017121800383910504,0.019933814524324467,16.114635716613673,11.0,0.13692814735857284,1.0,
block_spillover,"same-block neighbors of block-first incidents, total-response outcome",event_month,-7.0,-0.0009417661692248854,0.0027395598686783896,-0.006311631264850759,0.004428098926400989,0.7310273892055141,,,,block,37302.0,31698.0,1751875.0,0.017121800383910504,0.019933814524324467,16.114635716613673,11.0,0.13692814735857284,1.0,
block_spillover,"same-block neighbors of block-first incidents, total-response outcome",event_month,-6.0,-0.004129686247223287,0.0022192331100449867,-0.008479648645539767,0.00022027615109319366,0.06278292835479204,,,,block,37302.0,31698.0,1751875.0,0.017121800383910504,0.019933814524324467,16.114635716613673,11.0,0.13692814735857284,1.0,
block_spillover,"same-block neighbors of block-first incidents, total-response outcome",event_month,-5.0,-0.00370030980781521,0.002157027815022268,-0.007928342385825645,0.0005277227701952262,0.08627998353795507,,,,block,37302.0,31698.0,1751875.0,0.017121800383910504,0.019933814524324467,16.114635716613673,11.0,0.13692814735857284,1.0,
block_spillover,"same-block neighbors of block-first incidents, total-response outcome",event_month,-4.0,-0.0056859050512299,0.002096342757155106,-0.009794987655635957,-0.001576822446823843,0.006689357442923427,,,,block,37302.0,31698.0,1751875.0,0.017121800383910504,0.019933814524324467,16.114635716613673,11.0,0.13692814735857284,1.0,
block_spillover,"same-block neighbors of block-first incidents, total-response outcome",event_month,-3.0,-0.003422748606329843,0.0019956265640277823,-0.007334415422812405,0.0004889182101527195,0.08634267424611886,,,,block,37302.0,31698.0,1751875.0,0.017121800383910504,0.019933814524324467,16.114635716613673,11.0,0.13692814735857284,1.0,
block_spillover,"same-block neighbors of block-first incidents, total-response outcome",event_month,-2.0,-0.00197407129090554,0.0023570825681744566,-0.006594235119066107,0.002646092537255027,0.40232121883318084,,,,block,37302.0,31698.0,1751875.0,0.017121800383910504,0.019933814524324467,16.114635716613673,11.0,0.13692814735857284,1.0,
block_spillover,"same-block neighbors of block-first incidents, total-response outcome",event_month,0.0,0.0015125109777139629,0.0021641075448338076,-0.0027293987177254815,0.005754420673153407,0.4846205088412341,,,,block,37302.0,31698.0,1751875.0,0.017121800383910504,0.019933814524324467,16.114635716613673,11.0,0.13692814735857284,1.0,
block_spillover,"same-block neighbors of block-first incidents, total-response outcome",event_month,1.0,-0.003937686811765289,0.002180176968020466,-0.00821109449914988,0.0003357208756193013,0.0709174824112695,,,,block,37302.0,31698.0,1751875.0,0.017121800383910504,0.019933814524324467,16.114635716613673,11.0,0.13692814735857284,1.0,
block_spillover,"same-block neighbors of block-first incidents, total-response outcome",event_month,2.0,-0.0018733403972769802,0.0020793017990508563,-0.005949020685067785,0.0022023398905138248,0.36763081705076295,,,,block,37302.0,31698.0,1751875.0,0.017121800383910504,0.019933814524324467,16.114635716613673,11.0,0.13692814735857284,1.0,
block_spillover,"same-block neighbors of block-first incidents, total-response outcome",event_month,3.0,-0.0037619494025777026,0.002149510879070775,-0.007975247886818743,0.00045134908166333775,0.08011392371332304,,,,block,37302.0,31698.0,1751875.0,0.017121800383910504,0.019933814524324467,16.114635716613673,11.0,0.13692814735857284,1.0,
block_spillover,"same-block neighbors of block-first incidents, total-response outcome",event_month,4.0,-0.004754296001989093,0.002793411589019541,-0.010229716912147635,0.0007211249081694494,0.08878183593166766,,,,block,37302.0,31698.0,1751875.0,0.017121800383910504,0.019933814524324467,16.114635716613673,11.0,0.13692814735857284,1.0,
block_spillover,"same-block neighbors of block-first incidents, total-response outcome",event_month,5.0,-0.0026670715515974444,0.002086194172415985,-0.006756261715767509,0.0014221186125726207,0.2011142209567125,,,,block,37302.0,31698.0,1751875.0,0.017121800383910504,0.019933814524324467,16.114635716613673,11.0,0.13692814735857284,1.0,
block_spillover,"same-block neighbors of block-first incidents, total-response outcome",event_month,6.0,-0.0033324438762833766,0.0021360540784018333,-0.007519365421280595,0.0008544776687138414,0.1187585717504056,,,,block,37302.0,31698.0,1751875.0,0.017121800383910504,0.019933814524324467,16.114635716613673,11.0,0.13692814735857284,1.0,
block_spillover,"same-block neighbors of block-first incidents, total-response outcome",event_month,7.0,-0.004630229188580022,0.0022484899848422175,-0.009037538561706925,-0.00022291981545311847,0.03948612851551325,,,,block,37302.0,31698.0,1751875.0,0.017121800383910504,0.019933814524324467,16.114635716613673,11.0,0.13692814735857284,1.0,
block_spillover,"same-block neighbors of block-first incidents, total-response outcome",event_month,8.0,-0.00210669792722511,0.0021399208333645423,-0.006301198774556614,0.002087802920106394,0.32489779020009535,,,,block,37302.0,31698.0,1751875.0,0.017121800383910504,0.019933814524324467,16.114635716613673,11.0,0.13692814735857284,1.0,
block_spillover,"same-block neighbors of block-first incidents, total-response outcome",event_month,9.0,-0.0013630264824865369,0.0021962608602358563,-0.0056679605228436205,0.002941907557870547,0.5348640305381624,,,,block,37302.0,31698.0,1751875.0,0.017121800383910504,0.019933814524324467,16.114635716613673,11.0,0.13692814735857284,1.0,
block_spillover,"same-block neighbors of block-first incidents, total-response outcome",event_month,10.0,-0.002286273684717206,0.002073773670587622,-0.006351118179350777,0.001778570809916365,0.2702747117914823,,,,block,37302.0,31698.0,1751875.0,0.017121800383910504,0.019933814524324467,16.114635716613673,11.0,0.13692814735857284,1.0,
block_spillover,"same-block neighbors of block-first incidents, total-response outcome",event_month,11.0,-0.003154394401176194,0.002141764153304301,-0.00735250837611909,0.0010437195737667015,0.140825097735912,,,,block,37302.0,31698.0,1751875.0,0.017121800383910504,0.019933814524324467,16.114635716613673,11.0,0.13692814735857284,1.0,
block_spillover,"same-block neighbors of block-first incidents, total-response outcome",event_month,12.0,-0.00016558099946134555,0.0022622525805018018,-0.004599866706598159,0.004268704707675468,0.9416535159353856,,,,block,37302.0,31698.0,1751875.0,0.017121800383910504,0.019933814524324467,16.114635716613673,11.0,0.13692814735857284,1.0,
block_spillover,"same-block neighbors of block-first incidents, total-response outcome",avg_months_0_3,,-0.002015116408476502,0.0017497057910427919,-0.0054445397589203744,0.0014143069419673697,0.2494490125323957,,,,block,37302.0,31698.0,1751875.0,0.017121800383910504,0.019933814524324467,16.114635716613673,11.0,0.13692814735857284,1.0,
block_spillover,"same-block neighbors of block-first incidents, total-response outcome",pct_m0_vs_pre12_mean,,8.833831395063347,12.639485896982173,-15.939560963021712,33.6072237531484,0.4846098447779547,,,,block,37302.0,31698.0,1751875.0,0.017121800383910504,0.019933814524324467,16.114635716613673,11.0,0.13692814735857284,1.0,denominator pre12_mean = 0.0171
block_spillover,"same-block neighbors of block-first incidents, total-response outcome",pct_m0_vs_m1_level,,7.587664547938398,10.85646473831203,-13.69100633915318,28.866335435029978,0.4846098447779547,,,,block,37302.0,31698.0,1751875.0,0.017121800383910504,0.019933814524324467,16.114635716613673,11.0,0.13692814735857284,1.0,denominator m1_level = 0.0199
block_spillover,"same-block neighbors of block-first incidents, total-response outcome",pct_avg03_vs_pre12_mean,,-11.769302078595214,10.219169432012563,-31.79887416533984,8.260270008149408,0.2494490125323957,,,,block,37302.0,31698.0,1751875.0,0.017121800383910504,0.019933814524324467,16.114635716613673,11.0,0.13692814735857284,1.0,denominator pre12_mean = 0.0171
block_spillover,"same-block neighbors of block-first incidents, total-response outcome",pct_avg03_vs_m1_level,,-10.109035608902316,8.777576358542381,-27.31308527164538,7.0950140538407505,0.2494490125323957,,,,block,37302.0,31698.0,1751875.0,0.017121800383910504,0.019933814524324467,16.114635716613673,11.0,0.13692814735857284,1.0,denominator m1_level = 0.0199
block_spillover,power of the block-spillover null (months 0-3 CI upper bound),block_size_mean_excl_focal,,11.019550909794813,,,,,,,,,,,,,,,,,,"spine lots per treated block excluding the focal lot, block-first events"
block_spillover,power of the block-spillover null (months 0-3 CI upper bound),per_neighbor_ci_high_months_0_3,,0.0014143069419673697,,,,,,,,,,,,,,,,,,"spillover months 0-3 CI upper bound, agency complaints per neighbor lot-month"
block_spillover,power of the block-spillover null (months 0-3 CI upper bound),per_neighbor_max_share_of_focal_total,,0.03042200386987556,,,,,,,,,,,,,,,,,,CI-permitted per-neighbor effect / focal total-response months 0-3 effect
block_spillover,power of the block-spillover null (months 0-3 CI upper bound),per_neighbor_max_share_of_focal_strict,,0.12349225055649028,,,,,,,,,,,,,,,,,,CI-permitted per-neighbor effect / focal strict months 0-3 effect (spillover outcome is total-response)
block_spillover,power of the block-spillover null (months 0-3 CI upper bound),block_aggregate_ci_high_months_0_3,,0.015585027349085649,,,,,,,,,,,,,,,,,,CI upper bound x mean block size: largest block-aggregate added agency complaints per block-month the design permits
block_spillover,power of the block-spillover null (months 0-3 CI upper bound),block_aggregate_max_share_of_focal_total,,0.33523682042206854,,,,,,,,,,,,,,,,,,block-aggregate CI bound / focal total-response months 0-3 effect
block_spillover,power of the block-spillover null (months 0-3 CI upper bound),block_aggregate_max_share_of_focal_strict,,1.3608291419723815,,,,,,,,,,,,,,,,,,block-aggregate CI bound / focal strict months 0-3 effect (spillover outcome is total-response)
m0_decomposition,composition of the total-response month-0 excess at treated lots,excess_total_per_lot,,0.15659524936868688,,,,,,,,,8448.0,,,,,,,,,"month-0 agency non-30 rate minus the 12-month pre-mean rate, per treated lot"
m0_decomposition,composition of the total-response month-0 excess at treated lots,excess_share_2F,,0.03915127840909091,,,,,,,0.25001574803149607,,8448.0,,,,,,,,,BUILDING UNDER STRUCTURAL MONITORING
m0_decomposition,composition of the total-response month-0 excess at treated lots,excess_share_1X,,0.034929371843434344,,,,,,,0.2230551181102362,,8448.0,,,,,,,,,CONSTRUCTION ENFORCEMENT WORK ORDER (DOB)
m0_decomposition,composition of the total-response month-0 excess at treated lots,excess_share_73,,0.02330926452020202,,,,,,,0.1488503937007874,,8448.0,,,,,,,,,FAILURE TO MAINTAIN
m0_decomposition,composition of the total-response month-0 excess at treated lots,excess_share_2L,,0.01171875,,,,,,,0.07483464566929134,,8448.0,,,,,,,,,FACADE (LL11/98) - UNSAFE NOTIFICATION
m0_decomposition,composition of the total-response month-0 excess at treated lots,excess_share_7Q,,0.006007339015151515,,,,,,,0.038362204724409446,,8448.0,,,,,,,,,PARKING STRUCTURE - UNSAFE NOTIFICATIONS
m0_decomposition,composition of the total-response month-0 excess at treated lots,excess_share_10,,0.0038865214646464645,,,,,,,0.024818897637795274,,8448.0,,,,,,,,,DEBRIS/BUILDING - FALLING OR IN DANGER OF FALLING
m0_decomposition,composition of the total-response month-0 excess at treated lots,excess_share_6V,,0.0038174715909090914,,,,,,,0.024377952755905513,,8448.0,,,,,,,,,TENANT SAFETY INSPECTION
m0_decomposition,composition of the total-response month-0 excess at treated lots,excess_share_8A,,0.0029888731060606056,,,,,,,0.019086614173228343,,8448.0,,,,,,,,,CONSTRUCTION SAFETY COMPLIANCE ACTION
m0_decomposition,composition of the total-response month-0 excess at treated lots,excess_share_7R,,0.00032552083333333326,,,,,,,0.0020787401574803143,,8448.0,,,,,,,,,KEY CLASS 1 HAZARDOUS VIOLATION FOLLOW-UP
m0_decomposition,composition of the total-response month-0 excess at treated lots,m0_share_within_3d_of_trigger,,0.6075471698113207,,,,,,,,,8448.0,,,,,,,,,share of month-0 agency non-30 events logged within +/-3 days of the trigger complaint
m0_decomposition,composition of the total-response month-0 excess at treated lots,m0_share_mech_or_3d_union,,0.7069182389937106,,,,,,,,,8448.0,,,,,,,,,share of month-0 agency non-30 events that are 1X/2F/7R OR within +/-3 days of the trigger
m0_decomposition,composition of the total-response month-0 excess at treated lots,m0_excess_share_mech_cats,,0.4751496062992125,,,,,,,,,8448.0,,,,,,,,,1X+2F+7R share of the month-0 excess
