word,z,n_large,n_small
basement,-49.34989166198735,409,29855
illegal,-43.16007108645702,677,23036
property,-42.88550656763301,399,21950
house,-42.642724015921004,196,25775
home,-38.511237002710125,323,17734
family,-36.39832090848767,155,18195
permit,-33.35840890923452,2110,28402
owner,-28.767916683198035,288,10217
converted,-28.6005439908378,173,9836
living,-26.211640075418728,739,12687
neighbor,-25.160548619303043,412,9316
illegally,-23.787767900963146,241,7289
driveway,-22.862079928022638,43,8663
front,-22.373672786091504,454,8504
fence,-21.67286302841489,130,5660
yard,-20.800947885863792,73,5366
backyard,-20.371518340028913,37,6559
construction,-20.245875429285636,3234,29920
conversion,-20.152209975206194,124,4937
garage,-18.270862493849794,326,5884
room,-17.59452619599891,836,10045
posted,-17.382761840815668,815,9797
space,-17.379267242425946,244,4871
built,-17.08353761448457,118,3720
next,-16.988952424632256,282,5090
car,-16.45754192066426,208,4273
back,-16.405325609452266,648,8079
kitchen,-16.34072889314717,206,4221
cut,-16.20456777127853,75,3175
rented,-16.039433722559373,75,3116
cellar,-15.980312199819162,35,3339
stop work order,-15.898523919975045,246,4450
renting,-15.570504262215909,124,3290
strong,-15.480945784752063,69,2900
gas,-15.467613717772426,253,4392
vehicle,-15.400672279370712,119,3200
neighboring,-14.737592302682586,76,2693
deck,-14.63658083137484,32,2734
curb,-14.243172248573165,19,3124
private,-14.013379801466163,100,2662
landlord,-13.974630155314955,549,6522
horrible,-13.626613790498865,22,2558
violation,-13.573518839670735,213,3545
occupancy,-13.440262515374096,54,2194
doing,-13.291130471955277,896,9107
line,-12.675514910503349,195,3174
demolition,-12.528835865336154,122,2491
feet,-12.318943103740894,86,2130
rear,-12.206438848930537,60,1899
vacant,-12.205874896041239,35,1791
dob,-12.15588330842056,406,4859
commercial,-12.117208597881538,92,2136
second,-11.83838637203143,276,3691
block,-11.820481898756215,195,2985
added,-11.633617709277196,32,1627
legal,-11.487038605122384,54,1688
parked,-11.228102899225735,71,1766
used,-11.210422057127541,360,4255
parking,-11.201611873800998,307,3812
first,-11.038102117596795,334,4001
roof,-11.012301769336572,542,5679
extension,-10.990991428032123,21,1493
rental,-10.858084567418679,79,1760
dwelling,-10.638354080870075,38,1395
structure,-10.593231102183184,126,2127
truck,-10.537105722626187,94,1831
stove,-10.429127852495055,55,1472
rent,-10.405340527193587,154,2339
attached,-10.261415057631867,75,1611
full,-10.206053321715572,90,1734
park,-10.169782517751365,127,2057
bathroom,-10.12602797676912,322,3705
drain,-10.065545392587243,76,1584
fencing,-9.913895916382497,12,1339
place,-9.726339266450266,496,5008
created,-9.669718137016908,57,1347
airbnb,-9.606224518516477,68,1432
made,-9.572557138849692,339,3728
underground,-9.425476461290584,11,1204
plate,-9.411438216830609,57,1302
gutter,-9.329080054768779,10,1215
door,-9.207058468401916,1201,10155
gate,-9.147332345899711,78,1444
zoning,-9.10206966234467,12,1067
see,-9.082146162860226,338,3620
pool,-8.979454214069134,18,971
foundation,-8.973318488179634,76,1398
neighborhood,-8.916295035757463,56,1211
meter,-8.914962581392771,20,956
issued,-8.889458522518193,94,1545
abandoned,-8.870793577311808,34,1020
residence,-8.846202996089831,112,1697
additional,-8.793508137782467,40,1054
exhausted,-8.710817233071428,6,1295
vacate,-8.706744485486906,34,992
constructed,-8.52368923951515,26,905
altered,-8.49356035154901,41,1014
residential,-8.478294472383158,693,6216
shared,-8.460447978839225,16,862
fan,-8.418528313410297,74,1294
island,-8.414952992626725,18,852
neighbor',-8.41275219696627,9,950
wall,-8.337917749369085,900,7710
little,-8.335865766720188,49,1059
drainage,-8.294163710231159,54,1097
installed,-8.268023800582695,237,2653
duty,-8.246474058280043,14,823
tree,-8.225248280082832,64,1176
appear,-8.183481663110195,110,1576
effect,-8.177436250385055,64,1169
attic,-8.172195137140381,3,1781
van,-8.109624267690668,14,794
electrical,-8.065713047119681,241,2650
oven,-8.06142031093852,10,824
single,-8.04874326718539,55,1070
concrete,-8.029449004492482,136,1776
separate,-7.991174264706865,41,938
permission,-7.87107392206994,18,751
com,-7.8456015105514085,38,891
turned,-7.796507236220596,135,1732
damage,-7.781659950487366,171,2031
excavation,-7.742702784280572,29,801
class,-7.726187980549944,14,718
removed,-7.716053321190291,196,2226
http,-7.663407135097961,26,766
corner,-7.662965305691739,66,1114
occupied,-7.647115188672976,238,2554
term,-7.582637762922639,54,996
location,-7.576266566019324,323,3212
staten,-7.469015174659619,6,802
cement,-7.460520188896757,70,1122
digging,-7.456770253412175,43,881
factory,-7.39286911103852,8,702
extended,-7.3806933352994255,16,661
egress,-7.372414558520275,53,959
porch,-7.3249929570294245,6,758
converting,-7.32163249306195,28,733
height,-7.290540840522882,21,675
adding,-7.251869147368056,17,645
approved,-7.204007830038084,54,946
dumpster,-7.140230913173682,17,628
unoccupied,-7.1343022657510975,11,614
burning,-7.087005108879143,21,646
encroaching,-7.086808932218376,12,604
nonstop,-7.07080138119628,4,847
thebasement,-7.018499979990317,7,638
seen,-6.905801959116052,127,1536
homeowner,-6.847730172350838,3,931
interior,-6.847275246669004,43,803
adjacent,-6.827079398693502,59,943
food,-6.812351103663747,88,1194
queen,-6.809628316637919,58,932
short,-6.794128970323768,82,1140
www,-6.771986779277169,17,575
listing,-6.727312286626901,15,557
flooding,-6.700832334381866,47,821
proper,-6.684239585052099,110,1364
sliding,-6.658211595039782,5,624
hpd,-6.580683807053695,80,1096
party,-6.568995468878742,38,725
build,-6.536788675111809,67,978
covered,-6.5366063882563505,52,846
original,-6.526256698292223,38,720
originally,-6.481990693519156,22,575
done,-6.443807725883659,1758,13221
shop,-6.392496232133255,17,525
white,-6.363332110588305,51,817
divided,-6.331577819658462,22,557
occupant,-6.304111763784265,32,641
record,-6.288948633272152,22,552
sewer,-6.277471388716241,26,585
smell,-6.22854550232182,187,1926
plan,-6.205999864663636,109,1294
sro,-6.196770652656743,11,465
inside,-6.182132626221198,550,4644
brooklyn,-6.180565665129677,237,2309
own,-6.092126879765591,74,986
electric,-6.048842971852194,82,1049
code,-6.03679413242368,102,1215
flood,-6.0312647846174325,43,709
element,-5.973970550372046,6,444
site,-5.95884084524739,465,3979
heating,-5.947468450708937,49,753
approval,-5.940652820483658,35,628
alteration,-5.919761324167577,57,820
observed,-5.917824929836123,74,966
boarded,-5.905278381527584,6,432
work,-5.8496449784503515,3254,23177
storage,-5.844725640076054,53,777
stored,-5.835436935639644,34,608
existing,-5.8336818872924905,23,510
anapartment,-5.823941436219556,8,408
retaining,-5.818536878754851,21,491
put,-5.783064163747015,392,3410
demolished,-5.759754789928226,8,399
subdivided,-5.728262950400236,13,417
lawn,-5.7195061650060355,13,416
rain,-5.708237240891527,149,1554
hotel,-5.634743509236174,26,516
premise,-5.614551027725181,44,674
dug,-5.531388011412801,12,388
squatter,-5.511518351162824,8,366
nopermit,-5.490025495811144,34,573
planting,-5.489896435735211,3,450
bill,-5.445105687277729,20,444
extending,-5.417400868849762,7,353
duplex,-5.41573379753563,8,354
previou,-5.405284566675483,68,859
look,-5.378352254175675,271,2444
gain,-5.371052290782032,37,588
pole,-5.362194587791193,29,516
dirt,-5.353590632144441,47,674
wire,-5.336461214619663,177,1724
create,-5.33576330688184,62,801
flushing,-5.32626740000452,23,459
gutted,-5.326238612567819,5,350
window,-5.32517587907656,738,5806
license,-5.277473451399251,98,1093
area,-5.275758977014682,384,3262
bedroom,-5.2579583418643745,563,4550
listed,-5.238734783283261,54,723
taking,-5.232098295406933,312,2726
heavy,-5.206567490435636,153,1521
share,-5.202584221968854,28,492
renovation,-5.202114957929377,256,2305
unit,-5.201245342693546,800,6214
rat,-5.187494507078926,58,752
convert,-5.186792105910906,7,324
restaurant,-5.178481277583309,7,323
guest,-5.171448658932276,14,366
unlicensed,-5.170535818964153,64,801
inspector,-5.150333396855045,413,3451
apermit,-5.135406227340212,25,459
turning,-5.13274754092448,33,530
waste,-5.131090810563639,16,379
awning,-5.130214253516521,12,346
including,-5.084655541936323,122,1263
tall,-5.0690184223346275,12,340
occupying,-5.064925068107185,11,332
limit,-5.0548136739182326,11,331
chimney,-5.051306125605193,3,353
website,-4.992061521200755,14,349
progress,-4.956038036614964,112,1169
utility,-4.938918534819267,4,305
split,-4.920093862099553,13,334
alley,-4.898178538107092,7,291
red,-4.895854888467143,30,482
regulation,-4.895327786431408,42,587
draining,-4.893586170663776,14,340
electricity,-4.890418053348795,61,748
legally,-4.887061459798504,15,348
large,-4.8773974598711085,156,1503
mobile,-4.864600740120939,15,346
siding,-4.864038851619165,3,318
file,-4.850376122278104,30,478
kill,-4.8336968636597675,8,289
drive,-4.832101722783285,60,734
businesse,-4.829950927383783,3,312
away,-4.818822542004025,85,938
land,-4.8108137034226965,16,350
registered,-4.8108137034226965,16,350
detail,-4.769693922221079,14,329
changed,-4.748044560192677,48,625
barbecue,-4.742570678272543,5,271
visible,-4.738139868820943,116,1176
black,-4.733989699520981,82,905
new,-4.73038721305601,521,4148
sold,-4.657049444629613,6,262
photo,-4.65222676434359,34,496
middle,-4.634559363028317,84,911
painted,-4.629819659393295,14,317
mine,-4.626928749750124,29,450
easement,-4.620241158328214,4,261
guy,-4.604246774329163,48,612
improper,-4.596500367396741,9,273
beam,-4.592486549356225,59,703
renovated,-4.567056044807413,29,445
frontage,-4.564268095344588,2,317
grass,-4.550612615933258,27,426
picture,-4.548562387166421,40,539
certificate,-4.54737351591082,103,1053
overcrowded,-4.5203589349973745,39,528
unpermitted,-4.5133691038707875,12,290
noticed,-4.50923999284245,67,761
ground,-4.497275029926061,169,1555
auto,-4.492225176161522,2,302
gutting,-4.490258489153955,6,245
contrary,-4.447498338500251,14,302
structural,-4.4205921999848,70,777
towed,-4.414754238343264,4,236
collapse,-4.407505745714849,42,544
monoxide,-4.384187711451525,8,247
modified,-4.379900753334864,4,232
landmark,-4.369767813573284,3,241
steel,-4.365776562642216,20,349
material,-4.351208655550146,181,1627
gut,-4.34940051610299,16,312
floor',-4.348028186838649,1,438
dumping,-4.3364404957535525,7,236
permitted,-4.324407500147011,30,434
wooden,-4.312489665340131,38,502
extend,-4.30956987500228,15,300
application,-4.30276480076892,12,273
partial,-4.30200677277849,27,406
demo,-4.299262869687452,5,223
destroyed,-4.285405310604039,11,263
constructing,-4.2786329329085895,10,254
yellow,-4.274212884496193,19,333
national,-4.259917671972651,11,261
hookup,-4.251344439936636,12,269
grade,-4.215358963585295,4,214
small,-4.202218015322925,92,931
carbon,-4.148467105486654,13,270
addition,-4.14475879871059,64,703
fake,-4.133976334288373,3,211
chemical,-4.114418018465081,43,528
found,-4.093817641054371,45,543
sucked,-4.091931040969187,1,351
four,-4.076231739874392,145,1324
raccoon,-4.0664105851999715,8,221
active,-4.058184111995956,116,1102
bnb,-4.056535981165943,16,290
richmond,-4.0357099275113395,1,334
requirement,-4.0288498432993025,16,288
show,-4.0208473758724095,67,716
add,-4.013095553299369,14,269
secondary,-4.009785623280187,65,699
excavating,-4.005199212325898,4,193
antenna,-4.001096207375226,8,216
workorder,-3.9948003720053915,5,195
pose,-3.9925864270836056,20,321
roofing,-3.9741312543580736,6,199
using,-3.9489068761680706,393,3103
sewage,-3.9475306938569106,32,422
wood,-3.9474061438671484,129,1189
include,-3.935606457795468,30,404
contractor,-3.926498148424609,167,1471
remove,-3.9075753709593926,62,666
saw,-3.9075753709593926,62,666
grid,-3.900892337280951,15,270
registration,-3.893434441283443,8,208
filed,-3.861406394787601,60,646
directly,-3.858309563338251,85,843
bringing,-3.8575407197704643,22,329
agreement,-3.8566724392445293,14,258
paying,-3.84847754028984,29,389
online,-3.840013699857166,12,239
clogged,-3.8210213318718185,29,387
impression,-3.806756221203599,6,186
cash,-3.8026328036753503,9,210
dump,-3.793407126476782,6,185
filing,-3.783415984579092,14,253
lock,-3.779656675957402,73,742
protection,-3.765816155936949,105,988
thru,-3.7565149242763307,25,348
link,-3.7520037901946846,3,170
club,-3.7496137519973805,5,175
spot,-3.7330864839477647,63,659
stone,-3.7218003996659847,12,231
theproperty,-3.7084132217278887,2,177
tarp,-3.7062602971085274,20,301
traffic,-3.6994182704951504,49,544
compliance,-3.696696065355422,27,361
overcrowding,-3.6936300938468025,14,247
bell,-3.69261622784147,13,238
sheet,-3.676244136586761,26,351
sale,-3.67524318278373,11,219
paved,-3.6611702298211735,1,238
double,-3.647940832931893,14,244
badge,-3.6468639221727077,13,235
mechanic,-3.6304945644931026,12,225
ticket,-3.616787255958592,20,295
zoned,-3.61521799453011,2,166
pavement,-3.611653782617352,4,159
cart,-3.606577602254051,32,397
damaging,-3.603249556977455,28,363
withoutpermit,-3.600426347320901,3,156
licensed,-3.5851217633592656,49,535
immigrant,-3.5676530455770354,7,177
modification,-3.5662038759389394,3,153
host,-3.554906163522342,14,238
detector,-3.5548928625837077,6,168
cemented,-3.5527205500615127,2,159
extra,-3.5481370291172563,47,516
accommodate,-3.5468315396859738,5,160
toward,-3.542607056092604,37,434
enforcement,-3.5391799485743745,14,237
less,-3.5230967564505185,27,349
advertised,-3.520354588208685,4,152
table,-3.5199000079730616,11,209
cinder,-3.519529539113145,3,149
investigation,-3.5115929887333097,16,253
creating,-3.510115735785455,111,1008
change,-3.502906597520968,67,671
belong,-3.4901541900271815,13,225
size,-3.4671072788215422,17,259
convertedinto,-3.4594164453537846,3,144
rooming,-3.4488570539152215,2,148
raised,-3.444386186079646,7,169
heater,-3.440402455042526,31,377
reflect,-3.4347924351333323,3,142
detached,-3.4342993472249987,6,160
shingle,-3.430871069175089,5,152
pad,-3.4285767237205618,7,168
demolishing,-3.407894494183789,12,211
stopwork,-3.396667661109845,4,143
invading,-3.396528741314471,1,186
permitposted,-3.39145037645645,12,210
everything,-3.3910399040511194,45,488
high,-3.3902419056196695,134,1167
empty,-3.3891318839103834,27,340
ice,-3.385827779018037,5,149
container,-3.3836778865610966,16,245
residing,-3.3808790401936806,35,406
theyare,-3.347959426395067,19,269
performed,-3.338463403174343,50,524
plywood,-3.335054501353134,36,411
hazard,-3.3296876428467233,273,2161
stoop,-3.3257903122479697,1,174
search,-3.324359468715851,5,145
bin,-3.323647927597621,11,197
avoid,-3.3057802501232882,17,249
actual,-3.3044328867594457,9,178
extremely,-3.303513102382143,137,1180
entrance,-3.302104563332209,285,2242
anillegal,-3.294319318440307,2,133
zone,-3.28981450841254,11,195
flow,-3.2867848601065237,24,308
electrician,-3.2850760385309217,16,239
everywhere,-3.2826992939844133,44,472
may,-3.278559469082544,273,2154
valid,-3.276027653084462,13,212
selling,-3.273687860039414,38,423
debri,-3.2625981982801195,601,4426
bsmt,-3.2502154288992604,2,129
city,-3.2481294256551263,215,1738
infront,-3.2451314653656733,5,140
exceed,-3.2418074877327245,6,148
foster,-3.238397637282685,3,127
tire,-3.238397637282685,3,127
townhouse,-3.234610066788737,4,132
myproperty,-3.230652066475163,1,159
plumber,-3.227464883207035,43,460
peopleliving,-3.2250805622775998,6,147
plumbing,-3.2225727039732806,267,2104
adjoining,-3.2199123560872027,10,182
lincoln,-3.219222332783489,4,131
unauthorized,-3.2175589666526654,19,261
rodent,-3.2147097560223417,32,370
purchased,-3.208241569240513,6,146
junk,-3.204746525437332,2,125
current,-3.2029439517678546,48,498
church,-3.1962463166244452,5,137
moved,-3.192598057858864,116,1014
fit,-3.1862574023579615,11,189
green,-3.1761766827416005,30,351
grease,-3.169633975418809,0,924
poured,-3.167805335796863,3,122
entry,-3.162467969553931,35,391
allow,-3.156108433073173,71,673
abandon,-3.1553525763396775,1,148
obtained,-3.1484855618278447,9,169
nearby,-3.1391933091513966,32,365
foot,-3.1348092487265578,48,493
ecb,-3.1306616804339265,9,168
exist,-3.1162333400292015,21,272
oil,-3.1108070638408583,27,322
storing,-3.110349551126485,15,220
semi,-3.1093488466307537,2,117
altering,-3.0913747754864302,7,148
styrofoam,-3.0883977318152738,14,210
previously,-3.087256759945789,60,583
survey,-3.084496146126215,2,115
packing,-3.064019552747869,3,115
swo,-3.0592140643819734,2,113
damaged,-3.042647723575345,112,970
tow,-3.0333409309260846,6,136
flowing,-3.0333409309260846,6,136
color,-3.0323118488653007,21,267
public,-3.0303380716406703,102,895
basin,-3.024957069961742,4,119
infestation,-3.021503191399376,9,162
nasty,-3.021503191399376,9,162
check,-3.0208753977937937,118,1012
offender,-3.0204520677944973,2,110
flooded,-3.0124474315317467,35,381
risk,-3.011029020988603,57,554
pvc,-2.994027578874856,2,108
performing,-2.988867965166722,20,256
shower,-2.985238798773034,49,490
cook,-2.983026006512767,8,151
bowing,-2.976786858539394,0,815
occupy,-2.9692353607396837,11,177
cone,-2.9681909726220526,23,280
taxe,-2.967116237853508,2,106
video,-2.966440141414236,36,386
canopy,-2.962723419737506,7,141
plu,-2.9573438908510377,22,271
illegallyconverted,-2.9534722465374417,2,105
correction,-2.9534722465374417,2,105
thebackyard,-2.9534722465374417,2,105
overgrown,-2.953233602832997,5,123
cooking,-2.951784820081414,38,401
boarding,-2.937478162320419,3,107
hiding,-2.9349679592669875,12,184
job,-2.919652557660491,108,929
filled,-2.9094808809580956,30,334
sidedoor,-2.9084212614913394,0,778
believe,-2.908136707257319,199,1583
dot,-2.907018627734601,8,147
caller',-2.9052238124085275,35,374
elmhurst,-2.8975836089443603,2,101
newly,-2.8890792559456875,9,155
sodium,-2.8877844348723216,0,767
insufficient,-2.8840986400076125,6,128
booking,-2.883270300799656,2,100
livable,-2.883270300799656,2,100
sidewalk,-2.881644307551409,512,3748
hydrant,-2.87834353230495,12,181
bigger,-2.874585741467258,11,172
familyhouse,-2.874299569655345,1,113
law,-2.871569469984047,75,680
town,-2.866138546356163,4,110
map,-2.866138546356163,4,110
tax,-2.864805240200575,6,127
complete,-2.859222345201274,36,379
sell,-2.8487524112097997,23,273
protective,-2.8469200908465657,16,214
bath,-2.8469200908465657,16,214
sheetrock,-2.8463499195403554,18,231
paper,-2.842309172278218,21,256
post,-2.83652587468049,22,264
google,-2.8289745834022435,8,143
unregistered,-2.8274635107154715,1,108
well,-2.8266573538635793,480,3520
store,-2.8234571393867225,42,424
suspected,-2.8103428650273785,4,107
theback,-2.794306251339444,2,94
lord,-2.794306251339444,2,94
access,-2.7905679508902224,416,3076
connected,-2.786824755175435,65,598
men,-2.78229889938875,51,491
suv,-2.769038514710588,8,140
corrective,-2.7684145337251787,1,102
renter,-2.763030374170231,17,218
excavated,-2.7582475132452253,1,101
tore,-2.7476994576833467,2,91
consent,-2.747314404467964,3,96
gray,-2.747314404467964,3,96
third,-2.745193774929502,90,781
wash,-2.742632457403308,12,174
beyond,-2.734496312245932,16,208
destroying,-2.7335060185504725,4,103
hook,-2.7291575863169335,13,182
theconstruction,-2.7228188744117237,12,173
beenconverted,-2.7165797125228983,1,97
protect,-2.716321256053919,52,494
he',-2.7138278795993007,32,338
trespassing,-2.707844317845448,8,137
owner',-2.70489239763055,6,119
violated,-2.70489239763055,6,119
port,-2.699550243518221,2,88
violate,-2.698885137921557,18,223
snow,-2.697451617182617,14,189
spice,-2.696971636314769,0,669
propane,-2.693980631756358,4,101
safety,-2.6888547691182474,514,3728
paver,-2.6831396364922955,2,87
card,-2.6828602949899207,12,171
expanding,-2.6665416847316843,2,86
aapartment,-2.6665416847316843,2,86
hazardou,-2.664326769837506,79,693
source,-2.6627537395569254,21,246
entered,-2.660692952059486,5,108
knock,-2.6566732947078293,11,161
property',-2.6536787829923876,4,99
signed,-2.647984331535193,9,143
community,-2.6429970105513325,61,557
length,-2.6397985702748845,5,107
collapsing,-2.636001477216564,19,228
width,-2.6327661460275453,2,84
raise,-2.6296817928979763,13,177
celler,-2.6279887523544785,1,89
likely,-2.6279867479670718,15,194
suitcase,-2.6223600765347714,7,124
advertising,-2.618712408866661,5,106
runoff,-2.6155793682254194,2,83
tearing,-2.615521730977532,11,159
big,-2.6114831326085306,123,1009
blue,-2.5982373264180856,19,226
loading,-2.597430937572386,5,105
brought,-2.595142331263721,27,291
connection,-2.5883680400358013,15,192
tent,-2.5814645687478994,8,131
areliving,-2.5807434806667033,1,85
charging,-2.579236779637193,19,225
stealing,-2.5779225007492386,6,113
piled,-2.5779225007492386,6,113
ripped,-2.5721703132625593,17,208
obtaining,-2.5685935726232207,1,84
undermining,-2.5627643211968105,2,80
touching,-2.5542674530198983,5,103
everyday,-2.553168399629545,98,823
tank,-2.5528517460561244,34,344
astoria,-2.5393938129987603,12,164
threatening,-2.5356940064144995,7,120
makeshift,-2.534318838334307,3,85
leaning,-2.518516859143487,98,820
basment,-2.5136263751352947,3,84
exemption,-2.5056438027666896,1,79
livingin,-2.5056438027666896,1,79
dig,-2.5056438027666896,1,79
going,-2.500197386106956,1353,9298
knocked,-2.4951704253216374,21,237
privacy,-2.4940654344529247,8,127
blocking,-2.49101800991646,258,1945
collecting,-2.489578200982481,6,109
stucco,-2.489216563859085,2,76
pulled,-2.4890230910197135,11,153
unto,-2.487963339953263,5,100
showing,-2.4830229425086126,19,220
protected,-2.479946407659666,16,195
subdivision,-2.4702322609545795,2,75
zillow,-2.4702322609545795,2,75
livingthere,-2.4702322609545795,2,75
let,-2.4627250722264433,71,618
mini,-2.4618343638390665,4,90
anywhere,-2.456559997528908,29,299
thrown,-2.4547639950512092,12,160
potential,-2.451539538850318,41,392
flat,-2.4509963219661426,2,74
scope,-2.4500617996296117,3,81
required,-2.4426420942718976,58,520
wiring,-2.43924321054685,112,914
install,-2.4304314137815153,40,383
deep,-2.4211341072322745,20,225
warrant,-2.4166534691231676,4,88
caused,-2.4109893442973647,104,854
greene,-2.410634233763371,1,72
builder,-2.406385300337452,3,79
alter,-2.406385300337452,3,79
patio,-2.4014918917155015,28,288
theyhave,-2.398027768283642,6,105
infested,-2.3964749643178505,5,96
daycare,-2.379930418359744,11,148
chinese,-2.373022847976702,5,95
septic,-2.371396128803513,2,70
rainwater,-2.371396128803513,2,70
district,-2.3711291411780824,10,139
beside,-2.3704564079413135,4,86
twofamily,-2.3671123800274225,1,69
preventing,-2.3632085967195433,15,181
streeteasy,-2.361607717874396,3,77
growing,-2.35769043045591,11,147
piping,-2.356336579949711,63,551
multi,-2.355887163367594,41,386
rebuilt,-2.352191595580838,1,68
allowed,-2.3509320814508783,64,558
sprinkler,-2.3478961447600906,18,205
sort,-2.3432241113342553,26,269
soil,-2.3421016036523206,15,180
mean,-2.339354946545404,35,339
skylight,-2.3298957367164164,2,68
document,-2.325740018640726,10,137
remodeled,-2.3216925844382486,1,66
regular,-2.3209771431321933,22,236
con,-2.31887453983624,55,489
extensive,-2.3127745602207583,11,145
looked,-2.309266383587529,48,436
sight,-2.3011976442636453,5,92
sat,-2.2991529714533683,4,83
inche,-2.288830404314149,43,397
animal,-2.285376695450518,25,258
demolish,-2.2748246664464045,4,82
jack,-2.2731285956991174,32,312
ladder,-2.2712708296423516,35,335
firstfloor,-2.268517656053178,3,73
himself,-2.2672648836624845,11,143
expanded,-2.2653297004362063,2,65
construct,-2.2653297004362063,2,65
maximum,-2.2653297004362063,2,65
removing,-2.2648186483624637,52,463
luggage,-2.263399288635242,8,117
seller,-2.257870725518412,1,62
mattresse,-2.257870725518412,1,62
worker,-2.2571145411091202,693,4854
received,-2.2484308465135734,50,447
sharing,-2.2470616985257963,9,125
neighboringproperty,-2.2444626885496843,3,72
student,-2.2444626885496843,3,72
subdividing,-2.2444626885496843,3,72
accepted,-2.2431526133977058,2,64
accessed,-2.2431526133977058,2,64
unfinished,-2.2431526133977058,2,64
coned,-2.241282631577314,1,61
sink,-2.239454123056413,56,491
staying,-2.237832643210954,32,310
remodeling,-2.2333692679720745,7,107
actively,-2.2333692679720745,7,107
amount,-2.230138701114089,85,702
slope,-2.2252870374425915,4,80
inadequate,-2.222919817969129,22,231
buildingwithout,-2.2206310452064946,2,63
mosquitoe,-2.2200776851943522,3,71
support,-2.213722365745502,34,324
submitting,-2.2072881313900568,1,59
bag,-2.2072585164527907,62,533
comply,-2.2021173576712454,21,222
changing,-2.2021173576712454,21,222
range,-2.2018070045618225,5,88
gathering,-2.200063438442244,4,79
included,-2.197852571990545,11,140
paving,-2.197754112553895,2,62
surrounding,-2.1922171833860924,45,406
appliance,-2.187204239118726,16,181
appropriate,-2.181525879912011,19,205
individually,-2.174510411596651,2,61
value,-2.174510411596651,2,61
obstruct,-2.1702806219912008,3,69
causing,-2.169157400977524,438,3127
page,-2.158583217511614,7,104
larger,-2.150476195679911,9,121
backup,-2.144849111053746,3,68
illegalconversion,-2.144849111053746,3,68
disregard,-2.1276807932320523,6,94
illegaly,-2.126874282480388,2,59
furnace,-2.126874282480388,2,59
parlor,-2.126874282480388,2,59
lumber,-2.126874282480388,2,59
bought,-2.1247262857127573,15,170
attachment,-2.124345458574446,5,85
installation,-2.119238006975125,51,446
observe,-2.113338506495545,10,128
smaller,-2.113338506495545,10,128
nail,-2.110637699985523,41,371
toilet,-2.110637699985523,41,371
clearly,-2.102604827293985,22,225
barrier,-2.102604827293985,22,225
suspiciou,-2.1016079592206074,6,93
dividing,-2.0959580482812767,4,75
cord,-2.0948077159061715,12,144
solar,-2.081696114528477,7,101
brownstone,-2.0801489526958914,0,398
wide,-2.0801010245289464,35,324
direct,-2.0752637655447037,6,92
intoa,-2.0690876381630448,4,74
tiny,-2.0662969857793883,3,65
refer,-2.0662969857793883,3,65
form,-2.0542520822995534,18,191
indicate,-2.054237418990311,17,183
thesidewalk,-2.0486425764558764,6,91
instead,-2.0463898364023962,53,456
doorbell,-2.041861954733628,4,73
weed,-2.0336906677441307,19,198
charge,-2.032165138134606,17,182
view,-2.031023520769609,45,396
developer,-2.0302391931405186,11,133
load,-2.0177647841036745,13,149
sanitation,-2.0143406882254915,10,124
branche,-2.014271565710122,4,72
lean,-2.014271565710122,4,72
reconstruction,-2.011933382892135,3,63
planted,-2.011933382892135,3,63
running,-2.0107815455680704,292,2116
chain,-2.010211342313103,16,173
activity,-2.0083083832735826,118,918
present,-1.9880395819004897,63,525
driving,-1.9876785959095082,17,180
threaten,-1.9863066619168337,4,71
disrepair,-1.9841159114107179,3,62
unapproved,-1.9841159114107179,3,62
usage,-1.9757032226968085,7,97
aresidential,-1.9699881887088964,13,147
obstruction,-1.9670580050518207,6,88
hvac,-1.965289360891451,15,163
incorrect,-1.9611523178354613,5,79
drainpipe,-1.9611523178354613,5,79
intended,-1.9579570370885009,4,70
bearing,-1.9579570370885009,4,70
realized,-1.9558568625402242,3,61
row,-1.9478216821768237,9,113
showed,-1.9380858983392752,10,121
harnesse,-1.9380858983392752,10,121
addresse,-1.9334994531626448,8,104
landlord',-1.9327956089801877,5,78
hooked,-1.9252682438710607,12,137
pet,-1.9215375540184976,9,112
delivered,-1.9211293507920617,7,95
mail,-1.9194261075657881,14,153
bis,-1.9122698095603434,10,120
grey,-1.9122698095603434,10,120
separated,-1.9053270969542389,11,128
leading,-1.9010630336401992,35,314
jamaica,-1.9003851478745342,12,136
ineffect,-1.9000606829902484,4,68
thefront,-1.9000606829902484,4,68
giant,-1.9000606829902484,4,68
woodhaven,-1.8979567799635009,3,59
squatting,-1.8979567799635009,3,59
renovating,-1.8975110378861035,40,351
sawing,-1.89716590535581,13,144
summon,-1.8933893102502113,25,238
located,-1.88987646013858,261,1890
evidence,-1.885156736103686,20,199
blocked,-1.883149862418683,181,1343
pest,-1.8753295124031346,12,135
stayed,-1.875016290697445,5,76
exiting,-1.8712923013404894,14,151
vacated,-1.8682853650472693,3,58
thegarage,-1.8682853650472693,3,58
drink,-1.865447866519168,7,93
facing,-1.8646296919463534,35,312
individual,-1.8621409682202488,153,1148
shown,-1.854069876883301,11,126
pick,-1.8489454145591353,16,166
suspect,-1.8478230060993304,13,142
attach,-1.8455758416662338,5,75
filling,-1.8455758416662338,5,75
flying,-1.838819091248868,41,355
trap,-1.837177762258228,7,92
violating,-1.8362021495284757,34,303
significant,-1.8319816285496866,25,235
pile,-1.8313561261621656,22,212
secure,-1.8280578072277665,27,250
quarter,-1.8246911256903207,12,133
increase,-1.8240501475377267,8,100
overflow,-1.8157557456203435,5,74
drug,-1.8117949841710281,70,563
throwing,-1.8113264747587945,58,477
caving,-1.8100502371833969,4,65
overflowing,-1.8100502371833969,4,65
connecting,-1.8086136066579013,7,91
trash,-1.7992281294961785,129,976
portion,-1.7912458686978063,19,187
associated,-1.785546216263056,5,73
attempting,-1.785546216263056,5,73
list,-1.7800635639807088,10,115
pickup,-1.7791528048249199,4,64
isbeing,-1.7732101787578658,14,147
jackhammer,-1.7630037277869275,18,178
children,-1.75737278284174,242,1745
undocumented,-1.7549370886341413,5,72
think,-1.7506860163771794,99,763
ford,-1.7505786276346982,7,89
asphalt,-1.7477860760963015,4,63
belonging,-1.7471547686684945,13,138
poor,-1.7457488981228388,19,185
attempt,-1.7457488981228388,19,185
compromised,-1.7447957560199938,22,208
overall,-1.7392035754219717,8,97
garden,-1.736179023794349,64,515
flammable,-1.735724656817433,6,80
rule,-1.7315556151867102,33,290
helmet,-1.7310769591977582,9,105
meet,-1.7298291648790374,16,161
prostitution,-1.7239177995129786,5,71
permitsposted,-1.7212366434277953,12,129
torn,-1.7212366434277953,12,129
entering,-1.717817979610119,66,528
postedpermit,-1.7159357511922866,4,62
isno,-1.7103688910178052,8,96
collapsed,-1.7097127032366362,23,214
obtain,-1.7052679854383543,6,79
knowledge,-1.6981172969048177,10,112
related,-1.6973785020617678,24,221
respectfully,-1.69247736654885,5,70
incorrectly,-1.69247736654885,5,70
aredoing,-1.6835868742538784,4,61
initial,-1.6835868742538784,4,61
pour,-1.6744420149865014,6,78
applied,-1.6703432429771976,10,111
denied,-1.6698493213518475,13,135
supporting,-1.6606043660188332,5,69
obstructing,-1.6470474758176723,14,142
continued,-1.6465633711885295,29,256
ripping,-1.64575772682929,9,102
masonry,-1.64575772682929,9,102
trying,-1.6455561244819883,109,824
placed,-1.6446399525222866,138,1024
arthur,-1.6419993125740842,0,248
sealed,-1.6419389448449209,46,380
concern,-1.6338707759193072,152,1119
different,-1.632509788416831,180,1310
dangling,-1.6282869091045817,5,68
sleeping,-1.622480902330945,35,299
leverett,-1.6186590608800422,0,241
framing,-1.6173301151423845,4,59
cave,-1.6173301151423845,4,59
restriction,-1.6173301151423845,4,59
served,-1.6173301151423845,4,59
match,-1.6116461795291162,6,76
lead,-1.6104764348037819,94,717
concerned,-1.6075332657488317,135,1000
drumgoole,-1.605169431735962,0,237
additionally,-1.5966283255039593,33,283
pluming,-1.5955126165691473,5,67
appeared,-1.5955126165691473,5,67
withno,-1.5955126165691473,5,67
fenced,-1.5955126165691473,5,67
writing,-1.5922733377777818,20,186
crew,-1.5875272502321989,42,348
action,-1.584766947259768,94,715
raising,-1.5833886615956088,4,58
thework,-1.5833886615956088,4,58
continuing,-1.5788053681736758,36,304
crowded,-1.5693532147641494,14,139
male,-1.5689691734453366,20,185
overnight,-1.567257319569635,24,215
gear,-1.5652198983837242,17,162
plank,-1.564248762991346,13,131
edge,-1.556850341738991,10,107
along,-1.551838392155571,79,608
mercede,-1.548881415648126,4,57
peopleare,-1.548881415648126,4,57
unloading,-1.5472618370034121,6,74
erected,-1.543858164139424,61,481
driver,-1.5404949133338552,17,161
bike,-1.5378704961689103,33,280
threatened,-1.5372346571860782,7,82
foam,-1.5311703743089662,8,90
feb,-1.5278574310073227,10,106
posing,-1.5144489023698844,6,73
reviewed,-1.5137894682410737,4,56
they've,-1.510828212124181,23,205
sticking,-1.506503399628168,16,152
sub,-1.506503399628168,16,152
took,-1.5035333561022521,119,881
doingconstruction,-1.4981781111954886,9,97
presently,-1.4943169952106552,5,64
pretty,-1.4943169952106552,5,64
seeing,-1.4830649668984746,13,128
hes,-1.481207994061806,6,72
monitoring,-1.481207994061806,6,72
separating,-1.4770609366571004,12,120
ask,-1.475658463946462,30,255
image,-1.4731161234921666,7,80
cat,-1.4723074716277167,11,112
compliant,-1.4690977935095386,10,104
prior,-1.468977130367115,57,448
withouta,-1.4678093994045234,9,96
familyhome,-1.4634513265021127,0,197
woodside,-1.4595807721666,5,63
honda,-1.4595807721666,5,63
engineer,-1.4556116734371292,13,127
permanent,-1.4556116734371292,13,127
andthey,-1.4513499821323588,18,165
piece,-1.450285887541227,122,897
easily,-1.4433611690075678,11,111
finish,-1.4264497611142557,18,164
supply,-1.425482503230365,25,216
deny,-1.4243174452668375,5,62
underway,-1.4243174452668375,5,62
iron,-1.4189842961165855,15,141
false,-1.4139469256266468,19,171
backing,-1.4133973991484305,6,70
bedford,-1.405357189020024,8,86
orange,-1.405357189020024,8,86
edison,-1.3935020144417207,40,323
total,-1.3903101270786904,35,287
hose,-1.384735144418707,11,109
thehouse,-1.3832500545508135,0,176
enforce,-1.3788041834099967,6,69
didn,-1.3788041834099967,6,69
literally,-1.3788041834099967,6,69
behavior,-1.3788041834099967,6,69
minimum,-1.374898553606586,9,93
natural,-1.374898553606586,9,93
subject,-1.374898553606586,9,93
died,-1.374898553606586,9,93
padlock,-1.3730486578696823,8,85
washer,-1.372036143539377,13,124
follow,-1.3657114675785247,24,206
stay,-1.3592804915148695,99,732
cover,-1.3565437747687628,54,420
partition,-1.3557383804656338,29,242
accumulated,-1.352144910028688,5,60
stinky,-1.3514459943383865,0,168
unsanitary,-1.3505402030449924,23,198
income,-1.348353698203724,10,100
drop,-1.3468600889020037,45,356
drywall,-1.3437358896460252,6,68
drawing,-1.3403832653303083,8,84
silver,-1.340229019995574,7,76
former,-1.340229019995574,7,76
refrigerator,-1.3200247110479728,21,182
hat,-1.3179238674351434,28,233
raw,-1.3152015598805735,5,59
dated,-1.3152015598805735,5,59
mud,-1.3073532118788482,8,83
alleyway,-1.30645199911077,0,157
inch,-1.3046470737182587,12,114
early,-1.2976574537360819,67,507
event,-1.2961357071326716,28,232
definitely,-1.2862907254255826,10,98
payment,-1.2862907254255826,10,98
approve,-1.2776627308435635,5,58
expose,-1.2776627308435635,5,58
addict,-1.2776627308435635,5,58
possibly,-1.2763861482150756,74,554
seeping,-1.2721216528014134,6,66
anypermit,-1.2721216528014134,6,66
erecting,-1.2721216528014134,6,66
fridge,-1.2721216528014134,6,66
looking,-1.262175406310719,31,252
unknown,-1.2613369626079938,40,316
ring,-1.2587883597409488,17,150
llc,-1.2468774429454537,21,179
enclosed,-1.2422279722680183,14,127
deposit,-1.2401666440602706,8,81
redoing,-1.2395092832869359,5,57
promptly,-1.23619491274169,7,73
harassing,-1.2152757915348702,12,111
laying,-1.213698930017522,14,126
ordered,-1.2136665194317198,9,88
finished,-1.2103508848528053,35,278
description,-1.2059932171187386,8,80
iscausing,-1.2007211549520103,5,56
cap,-1.2007211549520103,5,56
eviction,-1.2006292561928906,7,72
divide,-1.1984443866067456,6,64
footage,-1.1984443866067456,6,64
gravel,-1.1984443866067456,6,64
joist,-1.1984443866067456,6,64
investigated,-1.1969902527832006,85,624
conduct,-1.1889904016596669,16,140
standard,-1.1872368338289774,19,162
authorization,-1.1849913636942153,12,110
mold,-1.1817748546023321,71,527
displayed,-1.1771300483168046,31,248
seriou,-1.1760591075768132,58,437
hidden,-1.1714212804155868,8,79
exposure,-1.1713989784230094,11,102
discovered,-1.164600996147074,7,71
planning,-1.164600996147074,7,71
complainant,-1.161418508375915,16,139
aluminum,-1.1612773015420201,5,55
shifted,-1.1607950943729306,6,63
resumed,-1.1607950943729306,6,63
elevated,-1.1607950943729306,6,63
bedroomapartment,-1.1607950943729306,6,63
describe,-1.154453219022237,12,109
gone,-1.147705658460055,26,211
worried,-1.145796750029154,41,317
ozone,-1.1374063569349713,0,119
speaking,-1.1364416497198644,8,78
led,-1.1364416497198644,8,78
ton,-1.1336652894817276,16,138
lived,-1.1265152632728814,40,309
astop,-1.1225843442056644,6,62
potentially,-1.1142811610631715,30,238
narrow,-1.1096481803643934,13,115
insulation,-1.1057284106342156,16,137
alcohol,-1.1057284106342156,16,137
crane,-1.1045478445931225,25,202
raining,-1.1010448259604082,8,77
paperwork,-1.1010448259604082,8,77
marked,-1.1010448259604082,8,77
thestreet,-1.0928205320757423,10,92
catch,-1.0922597126089462,22,180
mailbox,-1.0837955129611776,6,61
willing,-1.0837955129611776,6,61
surface,-1.0837955129611776,6,61
witnessed,-1.0827761314362319,19,158
placing,-1.0827761314362319,19,158
setup,-1.078456386024995,9,84
decided,-1.075815210180564,11,99
adelphi,-1.0734815962160438,0,106
integrity,-1.0685541642833591,41,313
higher,-1.0674621298647897,33,257
failure,-1.0599882084790004,24,193
enclosure,-1.059451786981248,10,91
recently,-1.049806983842865,108,769
jackhammering,-1.0492564067754826,29,228
confirm,-1.04879272908252,13,113
pulling,-1.0437278741921971,9,83
dumped,-1.0437278741921971,9,83
excess,-1.0437278741921971,9,83
bucket,-1.038049325466163,14,120
minor,-1.0352864865372642,18,149
fraud,-1.0289599422338005,8,75
house',-1.02689772507197,0,97
homeless,-1.0247859876919714,33,255
migrant,-1.0215906341154808,0,96
asked,-1.0201925257406463,78,564
unsecured,-1.017995904261027,13,112
mansion,-1.0162558307418805,0,95
read,-1.015616575592189,7,67
human,-1.0086129312825889,9,82
bar,-1.0032021331429468,32,247
adequate,-0.9978069578885032,12,104
inthe,-0.9949868168128739,59,433
though,-0.9916992228440679,51,378
basementapartment,-0.9891503527207045,0,90
outlet,-0.9813962994313625,32,246
mice,-0.9804530446845432,18,147
illegalapartment,-0.9780978733976633,0,88
thelandlord,-0.9770870327114135,7,66
shoring,-0.9770870327114135,7,66
earth,-0.963783009531635,6,58
greenery,-0.963783009531635,6,58
layout,-0.9550837764033163,8,73
abasement,-0.9441645149627321,0,82
sand,-0.9400931598424278,15,124
swimming,-0.9383896712014976,0,81
intoan,-0.9383896712014976,0,81
architect,-0.9380160316946119,7,65
monitor,-0.9380160316946119,7,65
thehome,-0.9325790704119186,0,80
verystrong,-0.9325790704119186,0,80
oath,-0.92408163882207,13,109
whether,-0.9214010762080622,36,271
coner,-0.9208478860405411,0,78
pit,-0.9174464351717356,8,72
power,-0.9165575477213161,82,584
grea,-0.9149258922599125,0,77
hired,-0.914386712362613,31,236
fece,-0.910458326838456,11,94
carport,-0.9089653190742236,0,76
five,-0.9061448055175422,67,482
macon,-0.9029654024832046,0,75
hrp,-0.9029654024832046,0,75
water,-0.9006260170682588,1178,7744
central,-0.9004909468363084,12,101
rca,-0.8908443541018065,0,73
stuff,-0.8839432771773365,38,283
price,-0.8805443482664299,6,56
madison,-0.8805443482664299,6,56
piling,-0.8793274353251833,8,71
ridgewood,-0.8785561016735336,0,71
exposed,-0.8752762670541966,136,942
claim,-0.873024180416512,33,248
female,-0.8716526028519557,17,136
ago,-0.8713596576168984,338,2273
seem,-0.868025530141287,193,1319
increased,-0.8641152245273784,9,78
hole,-0.862020624804275,209,1424
toyota,-0.8597945065482527,0,68
historic,-0.8597945065482527,0,68
sro',-0.8534489973578389,0,67
enter,-0.8528243572093449,119,827
ilegal,-0.84705595596835,0,66
upon,-0.8431742721784022,29,219
authorized,-0.8420643366824588,11,92
encroachment,-0.8406142979045819,0,65
salon,-0.8403676194817629,18,142
formally,-0.8378935561131537,6,55
accessing,-0.8378935561131537,6,55
deed,-0.8341228968153146,0,64
shouldn't,-0.8277942652905376,13,106
perform,-0.8227394578350221,14,113
basementinto,-0.8209861368140592,0,62
market,-0.8174007034847685,7,62
accumulating,-0.816017896041162,10,84
collect,-0.8157116269846014,16,127
dead,-0.8118191143212165,18,141
outdoor,-0.8107800505476848,19,148
hair,-0.8107800505476848,19,148
personal,-0.8013686476259904,31,231
paint,-0.7999126450388647,57,408
totally,-0.7951507486431246,13,105
investigate,-0.7904407142448203,229,1548
trailer,-0.7878681010166808,15,119
verify,-0.7855869233207085,16,126
refusing,-0.7840288767726397,17,133
agency,-0.7839713672381006,22,168
andthere,-0.782727717514627,20,154
sun,-0.77974573596114,10,83
isa,-0.77974573596114,10,83
entire,-0.7780274923153649,242,1632
apart,-0.7735892260577851,55,393
prevent,-0.7735892260577851,55,393
ensure,-0.7727972555907288,29,216
recent,-0.7651461137046276,26,195
give,-0.7635582113965549,71,500
goingon,-0.761956666969138,8,68
witness,-0.761956666969138,8,68
lawyer,-0.7512404481575138,9,75
basically,-0.7430757967814311,10,82
shift,-0.7369050109364741,11,89
judge,-0.7339901421529074,7,60
hello,-0.7323198365775273,12,96
facility,-0.7290144913471885,13,103
therefore,-0.7259586102254804,19,145
rest,-0.7253943394994051,29,214
refused,-0.7214613893538456,34,248
storm,-0.7186805800432591,51,363
true,-0.7127043950838343,9,74
per,-0.7060394643422485,117,802
anonymou,-0.7059995197425946,10,81
contain,-0.6992251612755926,20,151
mark,-0.6955121391319862,13,102
whatever,-0.6946139113557248,17,130
confirmed,-0.694237580747478,14,109
too,-0.6843606250517955,230,1543
installing,-0.6821797538294626,58,408
grown,-0.6810658325302142,8,66
designed,-0.6810658325302142,8,66
special,-0.6738336852278337,21,157
arrive,-0.6738336852278337,21,157
nine,-0.673694681715626,9,73
afterhour,-0.673694681715626,9,73
request,-0.6729609574101287,164,1109
there',-0.6728150165104232,381,2527
set,-0.6625192400433197,67,467
conversation,-0.6617136966543462,13,101
resolution,-0.6587031492798997,43,306
unfair,-0.648011713109646,7,58
spanish,-0.648011713109646,7,58
offered,-0.648011713109646,7,58
professional,-0.6461105018416733,21,156
ida,-0.6397849502678025,8,65
dozen,-0.6397849502678025,8,65
putting,-0.6378996284299353,121,823
process,-0.6372960068634537,35,251
midnight,-0.6316703385420712,16,121
somebody,-0.629396444780287,29,210
undergoing,-0.6276140519899862,13,100
similar,-0.6275883097773985,12,93
complaint,-0.6012114153327347,460,3030
drinking,-0.5997102590695317,23,168
aswell,-0.5979269552349409,8,64
weekend,-0.5969960323119816,229,1527
such,-0.5969088112661104,101,688
improvement,-0.5942081373459304,9,71
warehouse,-0.5942081373459304,9,71
official,-0.593207963482848,13,99
spray,-0.5922429264838727,10,78
category,-0.5922429264838727,10,78
huge,-0.5917956351944947,69,476
passing,-0.5901868266706599,21,154
despite,-0.5699110777152957,57,395
instructed,-0.5593071867965448,7,56
deemed,-0.5593071867965448,7,56
posting,-0.558490055451585,13,98
protecting,-0.5567108991243522,20,146
corp,-0.5560720079801766,12,91
rotten,-0.5543273588375401,11,84
thu,-0.553707199547819,9,70
disconnected,-0.553707199547819,9,70
initially,-0.5534500985319345,10,77
conditioning,-0.5464004785666664,18,132
bottom,-0.525206338978528,35,246
reference,-0.5166473129537309,11,83
doorway,-0.5166473129537309,11,83
submitted,-0.5165083801810314,46,319
fri,-0.5142038246510708,10,76
girl,-0.5142038246510708,10,76
text,-0.5142038246510708,10,76
backed,-0.5138792247492983,7,55
thati,-0.5138792247492983,7,55
intentionally,-0.5138792247492983,7,55
leaving,-0.5138581804558023,82,557
grill,-0.5126843486178048,9,69
utm,-0.5124155426337058,8,62
unsure,-0.5042147725736329,32,225
type,-0.49591023539574064,127,851
netting,-0.49506031942261225,180,1197
hire,-0.4933366676636242,14,103
connect,-0.4918713548120945,19,137
however,-0.4883810620183664,162,1079
try,-0.48725719567671777,36,251
therei,-0.4798074824779376,35,244
whole,-0.4745204977929689,151,1006
till,-0.4671628502281591,27,190
necessary,-0.4656697491872702,39,270
best,-0.4653779757112178,15,109
officer,-0.4588446243065539,14,102
didn't,-0.4579203350207115,59,402
approx,-0.455346864858592,22,156
nuisance,-0.4543425027061163,18,129
york,-0.4440706530409947,103,690
cable,-0.43024496871017615,40,275
ran,-0.42696072932931395,22,155
approximately,-0.4242837900197636,71,479
injury,-0.4240514973528069,14,101
crossing,-0.4207562733026593,7,53
multiple,-0.41369756076314507,404,2640
unstable,-0.4027264360814351,103,687
speak,-0.39572024621796087,46,313
outside,-0.39554909837594693,504,3283
chained,-0.3936388429506061,10,73
covering,-0.39150425133740047,62,418
shifting,-0.3863500177287075,9,66
weekday,-0.38019916929801995,26,180
variance,-0.37824376490058464,39,266
lost,-0.37096058110142593,12,86
play,-0.36330234470564765,27,186
possible,-0.36005786405341517,190,1249
already,-0.349755284585905,190,1248
insurance,-0.3497474071290099,20,139
locking,-0.3431026635653892,9,65
fallen,-0.3387469896428799,51,343
picked,-0.3337243474389503,8,58
meant,-0.3337243474389503,8,58
determine,-0.3327974380755613,12,85
panel,-0.3321712091140642,48,323
partially,-0.33091981975973134,41,277
mess,-0.31619091614355843,25,171
fall,-0.31519577448653613,195,1277
question,-0.31177982175366,22,151
dep,-0.30822459913580147,19,131
cutting,-0.3072662696922329,54,361
involved,-0.2966251076461794,18,124
household,-0.2941526374291449,15,104
saint,-0.28734384801580853,8,57
fear,-0.26575861021639324,30,202
wanted,-0.2582273651910351,20,136
picking,-0.2548131295487192,9,63
tothe,-0.2514139494118733,17,116
body,-0.24049955353050942,21,142
specifically,-0.24049955353050942,21,142
might,-0.2403123193267668,55,364
currently,-0.2361129046115367,353,2287
limited,-0.23103760285747799,13,89
whereby,-0.22586613883782508,10,69
boxe,-0.21190925236614302,36,239
correct,-0.21078139330099174,42,278
tar,-0.20973854413893647,9,62
i'd,-0.20973854413893647,9,62
occurring,-0.2063237725890203,86,563
seriously,-0.19979637771125644,11,75
spread,-0.19979637771125644,11,75
knocking,-0.1962267394991316,20,134
holding,-0.19212221496715456,24,160
kindly,-0.1825875166502316,10,68
die,-0.16402140168489493,9,61
garbage,-0.15683352439908238,224,1448
claiming,-0.1518809037026199,15,100
contruction,-0.13874812609241383,10,67
screaming,-0.13874812609241383,10,67
person,-0.13697358173060492,293,1889
contact,-0.1221423937966249,131,847
requesting,-0.12047907526829056,115,744
telephone,-0.11764383787273884,9,60
perimeter,-0.11764383787273884,9,60
death,-0.11764383787273884,9,60
bus,-0.11704259189503886,19,125
harness,-0.11613623530851096,17,112
effecting,-0.11553698743002877,15,99
customer',-0.11154819061534431,30,196
closet,-0.1110759335422057,41,267
care,-0.09829485473910392,79,511
distance,-0.09516697074950665,12,79
forward,-0.09516697074950665,12,79
lower,-0.08825116064383105,32,208
english,-0.08165961985367423,17,111
major,-0.08102842815704579,91,587
crumbling,-0.07887216101510014,15,98
bottle,-0.07887216101510014,15,98
future,-0.07606177490792507,13,85
attract,-0.07606177490792507,13,85
asking,-0.07398073069830122,31,201
corona,-0.07327036855866735,11,72
box,-0.07307458765529806,59,381
measure,-0.07069380473630556,29,188
worry,-0.07058726098179874,9,59
steal,-0.07058726098179874,9,59
gave,-0.06287061839348551,32,207
weight,-0.054038640970430825,12,78
accumulation,-0.054038640970430825,12,78
result,-0.05055614559421625,74,476
project,-0.04221329077708352,63,405
lane,-0.04188093897080203,15,97
stranger,-0.04188093897080203,15,97
beach,-0.03954930925308921,27,174
dept,-0.0383904561482145,44,283
court,-0.03479348828146391,64,411
bicycle,-0.030074327210119375,11,71
became,-0.030074327210119375,11,71
dryer,-0.026950089776680296,33,212
continue,-0.02627594706628282,150,961
watch,-0.02283231361242612,9,58
item,-0.020271308475981367,81,519
police,-0.020271308475981367,81,519
path,-0.012450245441711914,12,77
condition,-0.012398735487554035,343,2194
fly,-0.005262873220667903,20,128
flr,-0.00372127883380888,10,64
actually,0.005340785607955503,44,281
end,0.008422442195503428,101,645
bunch,0.01391342251756551,32,204
rooftop,0.019307725283730037,22,140
studio,0.02236061076591622,67,427
puddle,0.025641167976964648,9,57
further,0.027847534598725413,52,331
rock,0.02912489516740218,68,433
infant,0.03310331966610404,15,95
passed,0.03696776051857119,29,184
rude,0.0425079579310818,10,63
general,0.051287314924972266,36,228
charged,0.0579214868387379,11,69
inspect,0.06963770973381181,201,1278
proof,0.07186900440411385,24,151
hope,0.07214695329798593,12,75
beingdone,0.07268548452271857,27,170
fully,0.08397348435052576,57,360
maybe,0.08591230765230057,43,271
paid,0.10033085646284325,33,207
environment,0.10109998617041477,27,169
roache,0.10353652787180848,21,131
cause,0.10406185692133105,191,1211
attempted,0.10586321630830194,18,112
conducted,0.10844776064792055,37,232
conducting,0.10931662102584029,31,194
theyre,0.11517666044336985,12,74
fromthe,0.11517666044336985,12,74
recorded,0.11517666044336985,12,74
regard,0.11638731414412883,38,238
owned,0.11696436443364576,35,219
info,0.1205208274721624,16,99
child,0.12373585098093932,66,415
common,0.1241465088514965,39,244
fixture,0.1241465088514965,39,244
pooling,0.12482868251028256,9,55
preservation,0.12482868251028256,9,55
saturday,0.15269694439056025,150,946
joint,0.15870826716532546,12,73
considered,0.15870826716532546,12,73
followed,0.15870826716532546,12,73
immediate,0.1605466442981576,44,274
kid,0.16593085960275702,127,799
square,0.1686966865770767,13,79
apparently,0.1686966865770767,13,79
fact,0.17045188155413749,32,198
unhealthy,0.17558747739328676,9,54
messing,0.17558747739328676,9,54
threat,0.1781878100607512,14,85
coming,0.17864527709639388,643,4079
sunday,0.18342200432883238,128,804
display,0.185086100203104,10,60
note,0.18788680038408953,58,361
people,0.19307580532130958,2204,14026
visit,0.1936046150035092,20,122
ppe,0.19412061900455255,11,66
improperly,0.20230794545436945,29,178
according,0.20604566669218197,51,316
pouring,0.2170951108282179,23,140
arrived,0.22668721910976738,15,90
dining,0.22756219593305566,20,121
removal,0.23245827216351428,41,252
bring,0.23286533843742976,52,321
based,0.23484577202092252,21,127
certification,0.24069731684808812,11,65
fine,0.24376779202527835,39,239
particular,0.2473227888376601,12,71
fined,0.2473227888376601,12,71
net,0.25077411503814684,44,270
suppose,0.2517267854814446,66,408
unprotected,0.2538344914260999,13,77
leaking,0.25742402208518583,101,628
estate,0.26650438947474236,15,89
resulted,0.26650438947474236,15,89
drilled,0.27266381456503475,16,95
self,0.27266381456503475,16,95
bug,0.27870964464502485,17,101
secured,0.27916091641580976,45,275
exposing,0.2795544447998898,9,52
crazy,0.2795544447998898,9,52
atleast,0.2835587932052863,10,58
clothing,0.287887106434267,11,64
yelling,0.29242944588296255,12,70
lot,0.29269915776236727,741,4682
base,0.2962026094935461,20,119
adult,0.2984029556624664,79,487
probably,0.298459083197077,26,156
couldn't,0.3018818158092815,14,82
lie,0.3018818158092815,14,82
normally,0.3018818158092815,14,82
top,0.30637584113779054,247,1546
kept,0.312812599090198,23,137
anytime,0.3212549038867424,18,106
evict,0.3328135295508842,9,51
particularly,0.3328135295508842,9,51
slab,0.3408740497761262,13,75
guideline,0.3472931545267783,15,87
agent,0.34978183219486425,24,142
hurricane,0.35079299763549104,16,93
numerou,0.3531474145292766,72,440
far,0.35382920947918617,51,309
stable,0.3544256672350775,17,99
him,0.3640457747337451,155,960
anyone,0.36960947345242323,103,633
department,0.37902543900474794,246,1532
lack,0.3841075339784212,53,320
harassment,0.38430388486923467,12,68
explosion,0.38430388486923467,12,68
claimed,0.38430388486923467,12,68
ready,0.3849480944659169,10,56
attention,0.3926750134992865,45,270
frequent,0.39536191138818877,18,104
purpose,0.39882469520335073,41,245
good,0.401309074238838,47,282
painting,0.4135748188416762,24,140
name,0.4154876365161653,156,962
doesn,0.42019799842023114,26,152
heat,0.42818805921752895,439,2745
history,0.42947540656305055,14,79
impact,0.42966919156016936,15,85
burned,0.42966919156016936,15,85
didnt,0.43035797554501193,16,91
internal,0.4310978609778594,12,67
stolen,0.4310978609778594,12,67
presence,0.436788660096625,10,55
beengoing,0.436788660096625,10,55
rid,0.436788660096625,10,55
precaution,0.43858531877574747,21,121
don,0.44622446649267544,47,280
across,0.4467589603755875,116,709
began,0.4652271565199294,46,273
threw,0.4729141820757097,14,78
held,0.4747772053696791,22,126
sit,0.4763776694600774,23,132
practice,0.47848121310971276,12,66
supposed,0.4867428077792236,171,1050
protocol,0.4894227226529886,10,54
attracting,0.4911720484580523,30,174
affected,0.5065446204669546,36,210
brother,0.5136928833295289,15,83
john,0.5428736000973112,10,53
opened,0.5471420552661421,42,245
fresh,0.5495296530811766,17,94
receiving,0.5525099256650817,16,88
pass,0.5597187236516236,47,275
following,0.5648005285462742,64,379
business,0.5744654679481354,471,2926
written,0.5750734921618091,12,64
sept,0.5750734921618091,12,64
compromising,0.5770473022493081,23,129
weather,0.5783342391327733,30,171
eyesore,0.5848135857289016,11,58
curtain,0.5848135857289016,11,58
unless,0.5895920473189898,17,93
restore,0.5971655896526077,10,52
andi,0.5971655896526077,10,52
seal,0.6060853509923189,14,75
throw,0.6075749180938343,27,152
noted,0.6096891575722686,24,134
maintain,0.6127922613793803,22,122
accident,0.6149998807120066,21,116
affect,0.6235041595365791,44,254
fighting,0.6243123932563298,12,63
cost,0.6243123932563298,12,63
etc,0.6340085111936259,89,529
hearing,0.6510458047522213,21,115
user,0.6514606813013674,14,74
messed,0.6523240183971502,10,51
resulting,0.6592760521557709,19,103
quiet,0.6617292818888394,13,68
hide,0.6665335327412812,38,216
pay,0.6714834556694553,84,496
entirely,0.6742006617146071,12,62
flower,0.6742006617146071,12,62
consist,0.6742006617146071,12,62
master,0.689470588269199,11,56
although,0.7018852500957011,27,149
contracting,0.7097821848452842,13,67
stabilized,0.711970312874245,17,90
bed,0.7246226473862263,85,499
normal,0.7298213685506111,20,107
carrying,0.7313874269063908,15,78
locked,0.7364941755989598,142,849
indicating,0.736612077383911,19,101
that',0.7400210150279375,107,633
hold,0.7440554561053228,41,231
moment,0.7490555940722298,34,189
visitor,0.7584277435763653,13,66
burn,0.7584277435763653,13,66
keeping,0.7584277435763653,13,66
level,0.7753396003690969,170,1019
peace,0.7763048735194232,15,77
stairway,0.7954457479016593,17,88
terrible,0.7954457479016593,17,88
anyway,0.7972324993746565,11,54
sure,0.8001004214692665,176,1054
money,0.8008309056655347,64,367
fight,0.8076798639327077,13,65
afraid,0.8120275850733076,74,427
sinking,0.813308974011634,24,128
real,0.8231100797125539,39,216
pull,0.8257399203803734,18,93
product,0.8279279691076276,12,59
hammer,0.8338564833500532,34,186
shoe,0.8523327204548019,11,53
unclear,0.8523327204548019,11,53
contract,0.8523327204548019,11,53
bird,0.8523327204548019,11,53
wearing,0.8576603956081124,82,473
windy,0.8675929024676521,15,75
valve,0.8675929024676521,15,75
disturbance,0.8754626839726645,25,132
plug,0.8805830153984023,12,58
young,0.9050674701410302,52,290
rockaway,0.9080617315861438,13,63
rotting,0.9080617315861438,13,63
havebeen,0.9082768278210904,11,52
great,0.9139833381577397,15,74
bank,0.9139833381577397,15,74
tile,0.9157021579092177,35,189
much,0.9217462384624461,107,621
chunk,0.9339751851441759,12,57
provided,0.937326249178581,93,535
mon,0.9376880068649799,22,113
receive,0.9537029597992496,28,147
breaker,0.9537176646532236,33,176
music,0.9605848544261757,69,389
plastic,0.9613174314013357,46,252
iti,0.9620304351157426,20,101
standing,0.9637099188845877,45,246
blown,0.9650892687908675,11,51
engine,0.9650892687908675,11,51
shelter,0.9671775239174006,17,84
rail,0.9764561033993872,19,95
repairing,0.9877253684721743,21,106
stability,0.9891300826492926,24,123
blowing,0.9892875129769313,32,169
mixed,1.0018260319697632,20,100
dry,1.0018260319697632,20,100
exact,1.011048569399028,13,61
wet,1.017628120644209,19,94
andit,1.017628120644209,19,94
stick,1.0227954751317494,11,50
isstill,1.0227954751317494,11,50
severe,1.0266761995408997,31,162
random,1.0266761995408997,31,162
walkway,1.0278791819701683,41,220
what',1.032154992772096,16,77
furthermore,1.032154992772096,16,77
started,1.036253849507746,286,1711
advise,1.0419470101528743,20,99
screen,1.0430496397220137,12,55
switch,1.0430496397220137,12,55
appreciate,1.0430496397220137,12,55
tend,1.063558841425556,13,60
occur,1.0759706268096247,42,224
boulevard,1.0814219084991672,11,49
exit,1.0892181237361052,439,2653
explain,1.0987731217435346,12,54
fill,1.100390674339124,17,81
checked,1.101516703714754,48,258
via,1.1029875892041945,33,171
burst,1.1047664696091593,15,70
glass,1.109416934633925,46,246
itself,1.1182549633608412,28,142
main,1.1202416512766395,97,548
member,1.1297554981783262,27,136
letter,1.1299314004662853,30,153
station,1.1351743621984713,14,64
buy,1.1351743621984713,14,64
alarm,1.142178649825358,32,164
instability,1.145677521610326,17,80
clear,1.1548619191865732,42,221
concerning,1.1643130476828705,20,96
certified,1.1643130476828705,20,96
whenever,1.1644505747660538,45,238
vertical,1.1673709658136737,64,349
danger,1.1706587936331472,117,665
requested,1.1920420323598142,25,123
pedestrian,1.2047343946349935,131,747
warning,1.2057869203140064,20,95
marijuana,1.2102222819045596,18,84
worksite,1.2253623204201947,13,57
railing,1.2270205873647022,30,150
yrs,1.2283727631922536,25,122
injured,1.22896404947308,19,89
hit,1.2375216946943695,69,375
wouldn't,1.2391116959463748,14,62
somewhere,1.2391116959463748,14,62
tool,1.2391123260773094,61,328
group,1.2476261029897535,53,281
reason,1.2629814648414261,67,362
generator,1.2649450783468827,25,121
whom,1.2661438972434496,21,99
designated,1.2687693719244835,16,72
rather,1.2687693719244835,16,72
nov,1.2709521473850194,12,51
replace,1.2757058950493816,34,171
variou,1.2807932167099079,43,222
dollar,1.2843026389978471,17,77
face,1.2985013624467086,48,250
thought,1.3001327431456502,18,82
mentioned,1.3048847322469377,47,244
tried,1.3141533714142524,78,424
ppl,1.324559369175194,22,103
happening,1.3405406295425535,270,1580
filthy,1.345712229187707,14,60
spark,1.36706879871386,16,70
documentation,1.36706879871386,16,70
else,1.3737127564889355,48,247
primary,1.3939624520348752,13,54
schedule,1.4000510110968631,14,59
stand,1.4099970099388512,27,128
tied,1.4170446367612712,16,69
trouble,1.4272620530889042,17,74
beginning,1.430057213957745,34,166
severely,1.4383049628330133,18,79
otherwise,1.4517650641498228,13,53
smoke,1.454681220564136,106,581
grand,1.4551043988543513,14,58
case,1.468473333115891,120,663
nypd,1.4751493286305934,24,110
step,1.4835094300723892,120,662
least,1.4996165251402973,214,1224
andthe,1.509613427660857,31,147
course,1.5104041949337967,13,52
poorly,1.5108897615048602,14,57
hanging,1.5132436184016558,179,1012
indoor,1.5294125229303521,22,98
falling,1.5304555399478845,466,2759
force,1.5413208239605547,19,82
clothe,1.5415443502954032,23,103
kind,1.5498065478651897,72,377
local,1.5596221134242416,40,195
enough,1.5666313749679286,58,296
disgusting,1.5674250268354504,14,56
we've,1.5674250268354504,14,56
example,1.5674250268354504,14,56
employee,1.5692675120529322,28,129
harass,1.5699020880643328,13,51
important,1.5699020880643328,13,51
massive,1.583141944536514,29,134
thank,1.5887092467887152,104,561
anymore,1.5955735571514105,20,86
indicated,1.6042963462457387,21,91
permanently,1.6247286987752703,14,55
direction,1.6247286987752703,14,55
mybuilding,1.6247286987752703,14,55
tenant',1.6250642570554772,17,70
thermostat,1.6250642570554772,17,70
ignoring,1.6290529858667853,18,75
sticker,1.6290529858667853,18,75
believed,1.6302817562760905,13,50
allowing,1.636189818214492,61,310
point,1.6459014301608927,66,338
bit,1.6758673111278561,17,69
touch,1.6779624174111594,18,74
subletting,1.6779624174111594,18,74
corrected,1.6784854594628074,28,126
dropping,1.6794346716732012,31,142
fee,1.6815976673863127,19,79
bulging,1.6924604480114145,21,89
complain,1.7186173787136414,43,206
way,1.725572887743224,368,2134
deteriorating,1.7292671477528894,19,78
mention,1.7329917934598935,26,114
jalen,1.7375701822944265,111,0
season,1.741718261845372,14,53
pathway,1.741718261845372,14,53
provide,1.7504260513210492,76,390
september,1.7515495131486998,51,249
exactly,1.7537824541313831,13,48
isn,1.7537824541313831,13,48
life,1.7549481254281487,99,522
freezing,1.7773134170748008,18,72
ongoing,1.7928410124693865,298,1702
east,1.8041700078789067,181,1000
hammering,1.8190184168984074,96,501
caught,1.8288666520657335,32,143
smoking,1.8396113023289886,69,346
lady,1.841321521173351,48,229
themselve,1.84228558930702,39,180
begin,1.8448544582019852,30,132
thing,1.8462322624625926,140,755
evening,1.8507737132131088,65,323
safely,1.8509661717779593,26,111
particle,1.872932465126012,29,126
wear,1.873463639626579,20,80
residentialbuilding,1.8734697716202982,21,85
worst,1.8748799745622522,22,90
eye,1.877481946657758,23,95
harm,1.8787729109172615,18,70
ignore,1.8787729109172615,18,70
school,1.8812850148920184,87,446
client,1.8826320455368466,47,222
key,1.882642061407226,69,344
strange,1.8848235187653986,17,65
night,1.8901228577248474,573,3363
mid,1.8937986261280648,16,60
matter,1.9011681650963814,129,687
screw,1.9234044086625277,24,99
loudly,1.9234632548276749,14,50
playing,1.9239642781452402,38,172
blow,1.9261317880328628,35,156
statu,1.9309960342946644,26,109
longer,1.9403695178320226,75,375
smelling,1.9500119593018164,16,59
monthly,1.9500119593018164,16,59
must,1.957478311746512,90,459
talking,1.964858430187162,23,93
horizontal,1.9682593724413715,56,268
trip,1.9696145377607217,20,78
fair,1.9748200050830707,19,73
updated,1.985800314722631,14,49
column,1.9929153933354395,17,63
dog,2.007060059422811,72,355
quickly,2.0183846536898984,20,77
design,2.0252760083332335,15,53
breathe,2.0254337325719716,19,72
thereare,2.0278681431890044,39,174
system,2.0340546291403476,226,1247
operation,2.0463770900764966,41,184
livingroom,2.047908828096382,17,62
staircase,2.049764125577798,72,353
except,2.052193150745682,25,101
osha,2.053673077218992,23,91
failed,2.0592874859366836,39,173
cigarette,2.061065911662423,21,81
regarding,2.0854874214742427,109,560
dropped,2.0986332319775585,23,90
inc,2.1071212729835764,31,130
center,2.107677222937639,37,161
starting,2.110853636777261,95,479
cleaning,2.1160653117854764,42,187
notify,2.1173549346800415,20,75
half,2.121188653296925,119,615
man,2.123826100663344,93,467
inform,2.1278908739348648,35,150
completed,2.1356159151239065,94,472
letting,2.1361141499103797,26,104
known,2.1368077396392566,28,114
part,2.139558950568005,220,1202
operated,2.1399345507645116,24,94
everytime,2.1598573229950415,17,60
hill,2.167708187318384,36,154
understand,2.1768119702965616,27,108
app,2.1783994421215165,14,46
upper,2.1798805055703476,38,164
affecting,2.1898812805682386,89,441
ofthe,2.194003538406815,56,259
repeated,2.196645434395104,18,64
quite,2.206352573239137,21,78
landing,2.206352573239137,21,78
become,2.206483995687484,62,291
regularly,2.2165885832057595,29,117
platform,2.2202592893875885,26,102
return,2.2202592893875885,26,102
plaster,2.235792457280148,23,87
given,2.2377821085976892,106,534
walked,2.2419137987071656,16,54
disruptive,2.2445887836867953,22,82
eight,2.2453780746712027,38,162
control,2.2508453438054974,39,167
train,2.2556950246685448,21,77
sending,2.27301984237078,15,49
woman,2.2815445199006334,67,315
information,2.2882073640186493,109,548
equipment,2.288253065864333,162,851
rusted,2.302576636433721,16,53
bay,2.3039506625738144,36,150
drilling,2.3074603955635102,195,1041
team,2.3117116835418123,25,95
ive,2.321255206269962,20,71
becoming,2.3341281444610087,34,139
tell,2.336137409075327,63,291
thisi,2.340441284906174,19,66
faulty,2.341396730890556,37,154
downstair,2.352307500294997,74,350
fire,2.3586824122236627,870,5101
people',2.364040783248216,16,52
extreme,2.3652763644617796,24,89
cabinet,2.3799611478690106,28,108
quality,2.3832145960292186,68,316
delivery,2.385214888809704,40,168
furniture,2.3904784474867298,58,262
telling,2.406373279693202,34,137
find,2.4112551596026317,66,304
named,2.421465362870372,28,107
unbearable,2.4263288598386694,20,69
late,2.4268305291604033,97,473
asbesto,2.430819970088172,86,412
date,2.4425982359272838,81,384
washing,2.448329801971614,31,121
condo,2.450006482846103,19,64
never,2.469259299169719,231,1237
lease,2.471622119288906,84,399
forthe,2.479679516026184,20,68
dealing,2.479679516026184,20,68
ridiculou,2.489446286873933,16,50
january,2.5048945341837285,56,247
sign,2.50495870600363,327,1798
husband,2.5162535205646055,34,134
foul,2.533585802444456,20,67
restored,2.5351333267073732,15,45
authority,2.537427623417546,25,90
village,2.561897403733223,21,71
bathtub,2.569890910045274,23,80
criminal,2.5880577749919667,20,66
doesnt,2.6061346526555895,31,117
theapartment,2.6061346526555895,31,117
brand,2.618281072965516,16,48
dangerou,2.6522493177050577,357,1959
wind,2.6614938569674216,74,336
camera,2.6690349649356606,72,325
physical,2.6765140293560914,19,60
onthe,2.6870916151489648,55,235
opposite,2.6935480454579936,22,73
ten,2.7035592804370947,34,129
package,2.706277752741364,26,91
ever,2.7064939448614966,74,334
asap,2.7081605604086545,163,826
ignored,2.71017214658601,33,124
buildingand,2.7159274500820216,18,55
message,2.7159274500820216,18,55
specific,2.7202920679825278,28,100
alone,2.735272771966228,27,95
frame,2.740422181748503,65,285
excessive,2.7454433123952042,161,812
occurred,2.747219088591297,43,172
hang,2.7525364027733183,26,90
advised,2.7543694705192823,50,207
gap,2.7659007800904636,54,227
pushed,2.7771205206873266,18,54
free,2.7930710816526747,29,103
hall,2.7978759919132967,37,141
caution,2.8183085576745674,16,45
earthquake,2.821551107427284,23,75
tobe,2.821551107427284,23,75
earlier,2.8363949735022387,29,102
taken,2.847348626409436,163,816
jan,2.8692686654727657,20,61
plant,2.8849264682706632,41,158
areworking,2.8868728737130156,16,44
uneven,2.9273568899244777,20,60
drill,2.9340372467546243,31,109
these,2.9356709228503086,415,2268
she',2.942952663208945,21,64
dec,2.9652680600338854,18,51
scooter,2.9675082567471978,25,81
complaining,2.9682811434800955,106,493
how,2.9719671828007095,149,729
safe,2.9913832282221193,186,935
mortar,3.0148407460976614,22,67
turn,3.0179822799495954,132,632
respond,3.0265318438921693,48,188
winter,3.0290989956417325,47,183
experiencing,3.0489994727990237,24,75
flooring,3.0614737449950167,31,106
son,3.0635884012337757,64,267
dust,3.095813390205311,295,1549
supervisor,3.125239647406981,30,100
talk,3.128200984350495,32,109
closed,3.1299384549286904,163,796
occasion,3.1352292905074695,34,118
underneath,3.138305589956814,53,209
incident,3.169794228006159,30,99
fume,3.1801808925214217,70,293
period,3.184130539838202,39,140
later,3.1976612945331437,53,207
reported,3.201628849214417,215,1082
clean,3.206462895415584,78,333
summer,3.218194440879565,62,251
eventually,3.220913078309346,25,76
remain,3.2210469929470498,56,221
president,3.225721921072477,19,51
acting,3.233381962710265,17,43
everyone,3.2343215284248603,72,301
deal,3.24050655343903,29,93
basi,3.254242895732851,47,176
immediately,3.266427138573314,75,315
together,3.282929834358007,40,142
object,3.287058419237905,29,92
better,3.2897666627927027,20,54
usually,3.290041351048377,100,444
nearly,3.292320887495457,21,58
environmental,3.292320887495457,21,58
hundred,3.2950000524990917,18,46
motorcycle,3.299359920399505,34,114
run,3.3335705761748455,173,837
father,3.3339556271378066,29,91
pandemic,3.3512758716512057,27,82
resolved,3.35678071212269,82,347
toxic,3.361373378880202,23,65
friend,3.3702569274164276,45,163
fourth,3.3812024875750932,29,90
distancing,3.38294424351148,34,112
metal,3.39566830801091,203,999
complained,3.408837912022561,53,200
finally,3.4222320609495887,19,48
handle,3.424047381299061,24,68
disturbing,3.459007197557205,55,208
maintained,3.473457588951585,45,160
consistent,3.4742268501877986,22,59
breathing,3.485633848195743,25,71
upstair,3.5066269497286298,142,656
cop,3.520753966945093,32,100
shaking,3.535503533930589,275,1392
accessible,3.5367435567621626,33,104
spoken,3.5450039954638974,40,135
defect,3.54618494021172,26,74
november,3.549333380824584,55,205
wife,3.563406552656546,39,130
women,3.5655579708860055,41,139
head,3.5887110354179956,50,180
idea,3.60120115318375,21,53
replacing,3.6216400067361407,40,133
scared,3.62327325822758,42,142
daughter,3.634073570021823,61,231
loud,3.6384562283360125,407,2137
providing,3.640036086137235,34,106
throughout,3.650621615779439,139,631
social,3.655964468271052,47,164
nobody,3.662528469325834,61,230
responsible,3.663544210745499,38,123
bronx,3.6726527025847906,120,529
degree,3.68143992318581,30,88
available,3.69038204798551,68,263
pipe,3.6927915479017575,500,2670
reside,3.7084092308550587,111,480
loose,3.7135169955036633,101,428
escape,3.7340648766403177,246,1211
either,3.75771458384946,114,493
moving,3.75771458384946,114,493
hurt,3.7591253899049573,94,390
continuou,3.7625026527100576,25,66
stated,3.766844014421007,428,2243
wasn't,3.7727827177413102,44,147
age,3.7868882214538933,31,90
addressing,3.794870066071109,21,50
couple,3.796795749798563,145,654
worse,3.806801618664712,73,283
three,3.817402397202355,514,2735
wake,3.8376266480632264,19,42
cross,3.8519330921503365,33,97
building',3.8648029559785253,71,271
urgent,3.872036239792176,41,131
baby,3.89101865859476,71,270
forth,3.898170967452901,33,96
reach,3.9112444823398027,41,130
sitting,3.918313680839403,48,161
reached,3.9276205714705115,36,108
october,3.936103420587366,63,230
felt,3.977071434915515,29,78
holiday,3.991587935249303,33,94
needed,3.9970526405761877,91,364
answer,4.025356088434348,52,176
start,4.037378386801334,197,917
mask,4.043558164500554,89,352
afternoon,4.058789101124773,52,175
exterior,4.060400302634408,246,1183
opening,4.063413263872704,65,235
happened,4.094024919202471,110,455
mostly,4.109440082820796,44,138
february,4.109774069749249,53,178
mental,4.132452584118467,21,45
signage,4.142682821295041,35,99
weekly,4.1477412212115405,27,67
returned,4.1477412212115405,27,67
experience,4.166432763985969,20,41
air,4.169818418514783,318,1573
grinding,4.1718324884929245,22,48
same,4.181024381354829,225,1058
parapet,4.193708801630151,36,102
sent,4.197279730129112,66,235
seven,4.202867097887039,48,153
hitting,4.237059476190918,45,139
warm,4.239407314386448,22,47
send,4.252356912410695,124,518
inspection,4.258130618474066,370,1856
serve,4.277565796950984,23,50
calling,4.291203624084171,125,521
especially,4.297024979171723,89,341
operate,4.30286764280231,50,159
cleaned,4.342235909000718,44,132
barely,4.343763237940637,23,49
dirty,4.351229751527094,87,329
cracking,4.370282478784038,66,229
notification,4.372676572115407,43,127
responded,4.386716618543896,39,110
hasbeen,4.388472641436138,58,192
leveled,4.396222870366747,26,59
soon,4.4037479733365235,160,695
leak,4.439677290066489,192,861
fuse,4.457063613723574,26,58
circuit,4.471645706006789,38,104
yet,4.475742887545922,123,501
vibrate,4.4816204666817345,85,314
haven't,4.48242869487751,50,154
twenty,4.489483218265614,21,40
unsafe,4.49149018659344,576,3002
guard,4.508994306606173,45,132
continuously,4.5232144842922954,34,87
manner,4.525075376641676,41,115
hrs,4.546468525797158,23,46
gun,4.546468525797158,23,46
those,4.552703967651733,102,393
low,4.561193618918079,61,200
manhattan,4.607552673191117,39,105
came,4.60803586832977,285,1349
bad,4.615752496607711,113,444
march,4.704831014610226,79,277
brick,4.710129673590873,410,2031
assist,4.726010359432755,56,173
august,4.726062688151988,70,235
addressed,4.726809699632095,109,419
call,4.7415341390559504,256,1180
impossible,4.774954592725578,34,82
myself,4.785428233780867,51,150
fell,4.796230428549234,137,554
responding,4.800465263868357,27,56
god,4.806622838587352,22,39
situation,4.808698366823205,235,1062
ade,4.81671840500667,61,192
response,4.826600428868265,59,183
i've,4.859607795591979,94,341
act,4.8654915328287025,35,84
completely,4.868289780548354,159,661
supported,4.871376859785241,44,119
repeatedly,4.873580398569491,41,107
scheduled,4.880886124874544,22,38
pressure,4.927809319136267,39,98
housing,4.975793377875418,146,589
refuse,5.00422249673681,114,430
vent,5.020352432866488,89,311
essential,5.030576191643587,126,487
west,5.045863951389225,128,496
cracked,5.047010347743891,154,625
heard,5.060757686009052,90,314
dangerously,5.1459948439367995,25,44
alot,5.171006542273041,89,305
replaced,5.194775113393518,106,383
yes,5.200308887989225,67,206
having,5.23553637004049,223,966
lift,5.28153715358856,35,76
facade,5.350608143541091,163,652
straight,5.364535054970117,56,155
really,5.39068154790751,104,365
leave,5.425197809390369,244,1061
giving,5.436549156260434,54,145
shake,5.4366413421872934,185,757
many,5.441522627009142,485,2364
scary,5.450196040914385,27,46
non,5.51209416661565,211,884
once,5.5761941908821475,109,380
ramp,5.6205856011202044,48,117
monday,5.647273876833528,130,475
north,5.665928615410391,62,171
spoke,5.673620139301153,85,268
climbing,5.675131474975877,29,49
june,5.6887199684206315,89,285
tape,5.697524611875884,45,104
correctly,5.723731102068275,51,126
until,5.746312859681828,236,995
parkway,5.774533971785794,46,106
rope,5.777135673143716,35,67
passe,5.795334233153254,25,35
dealer,5.814902799042349,34,63
stating,5.835932734939183,104,346
forced,5.83746048173102,48,112
motor,5.852748502969625,44,97
few,5.887145441649009,231,959
ventilation,5.906037741743045,159,600
jumping,5.936911073067859,27,39
isnt,5.966839992923851,36,67
tub,6.019182064616858,41,83
crack,6.028963274078211,504,2398
pointing,6.100650078144135,33,55
temporary,6.1091613467815415,59,147
tomorrow,6.15370776386195,37,67
pump,6.154196188285671,58,142
wrong,6.173279084961685,117,390
come,6.204823950553178,798,4012
aren't,6.205969399489313,62,156
replacement,6.206458236475165,40,76
make,6.237309872064918,515,2433
temperature,6.246125840362827,42,82
saying,6.255514443506681,102,320
covid,6.256508372500959,73,198
shining,6.2806375819995885,30,43
december,6.294717755640665,77,213
twice,6.374229935981467,65,163
south,6.381269583944159,85,243
contacted,6.436372860361381,84,237
cold,6.458195974641001,81,224
isnot,6.480264045810167,34,52
bang,6.484626142906348,35,55
resolve,6.48746144338469,60,141
can,6.497024413845154,1110,5737
require,6.517234315958117,79,214
had,6.540990380761717,642,3091
move,6.576475320356799,188,700
pregnant,6.6066070296710455,33,47
consistently,6.611157329426998,50,102
board,6.62761047559246,124,401
review,6.6468573024804725,107,326
steam,6.689127336754037,39,64
thisbuilding,6.731793503305965,35,51
travel,6.733022484844627,34,48
two,6.740902533099819,1664,8891
tuesday,6.767321212121342,53,109
radiator,6.767321212121342,53,109
operating,6.77929326619181,154,529
walking,6.790484004492622,155,533
almost,6.844759310427132,177,632
noisy,6.961918509864766,104,301
ocean,7.038231497593981,37,52
daily,7.039773534464515,133,422
security,7.059270520452804,80,201
balcony,7.081865660495917,204,745
torch,7.0996031409893865,37,51
doesn't,7.1021755129201045,225,844
exhaust,7.146866563956576,104,294
outage,7.164121108623982,43,68
email,7.196113714421114,61,127
called,7.202339983654664,259,1002
making,7.258493405242132,506,2264
shopping,7.271950648679448,40,57
carry,7.274422605593182,39,54
hand,7.278114875993764,90,233
min,7.348658002191459,32,33
due,7.376669568402373,565,2564
stairwell,7.3777030789126545,54,99
several,7.440505611779612,353,1451
fixing,7.443650780783469,97,255
morning,7.468656882229539,343,1398
july,7.498520121838343,105,285
machinery,7.558059819489432,84,201
scrap,7.578928305264289,34,35
parent,7.584374208824954,51,85
conditioner,7.585885888611563,111,306
vibrating,7.612921997732184,173,571
constant,7.6648469384476785,133,394
fast,7.6752724921678395,36,39
informed,7.6829898753116375,120,339
right,7.726916814939671,524,2305
hear,7.773130410735522,157,492
mechanical,7.845881879503775,53,86
bright,7.890997141482554,62,114
staff,7.9073738177171595,42,52
april,7.9106682324697815,106,274
bridge,7.946377039388648,35,32
jump,7.999308208581813,45,59
long,8.047984646492374,249,894
frequently,8.059834910735649,75,154
notice,8.062279153310712,280,1040
dark,8.098278634176127,79,167
pounding,8.156559420715134,66,121
push,8.159796798685168,37,34
wednesday,8.21940593209556,59,97
odor,8.27395392909717,154,455
six,8.298838883555593,163,492
asthma,8.312608240888121,48,62
odd,8.334954674766788,41,42
sick,8.357217118702845,77,153
phone,8.415888230101997,152,440
went,8.432611416855476,179,554
hospital,8.476966032662627,48,59
homecrest,8.52914250279585,71,3
suspended,8.531950405957796,48,58
why,8.545068033259897,142,393
mother,8.570917122463309,102,236
expired,8.578010871906338,170,508
close,8.58465920251845,237,803
outof,8.701579953979742,40,33
development,8.739638798938563,60,89
chronic,8.749631039748277,113,271
anything,8.804886031319677,233,771
wing,8.806166462436092,59,4
climb,8.840389252888158,57,78
mom,8.90463464511141,49,54
thursday,8.916860966913587,82,155
lighting,8.990516287909868,94,194
inconvenience,9.013777539755825,49,52
left,9.079213588121048,450,1782
gotten,9.092870352398217,87,167
hallway,9.101470914541252,219,691
theelevator,9.1165289978198,97,3
courtyard,9.166457625213694,54,63
emergency,9.189912985601271,244,796
fdny,9.265695645293693,116,264
certain,9.298253320439422,68,101
surgery,9.370567249247323,41,22
section,9.40897343587601,148,380
thebuilding,9.482014719305814,188,538
unacceptable,9.491716399894566,45,32
shaft,9.520769936315581,51,48
keep,9.53517842162591,292,989
stopping,9.596187754181958,62,77
difficult,9.71287088234329,107,217
closing,9.738909842977174,74,109
rely,9.761094465861657,55,7
open,9.798365396067599,528,2095
told,9.808167220813939,373,1343
recurring,9.8926509441732,67,85
alway,9.962544290791627,312,1049
old,10.027008272277763,319,1076
hard,10.087220899665056,175,456
grocery,10.188082114849092,49,28
use,10.226808641581755,754,3187
hour,10.292016575486155,708,2943
health,10.308379774885926,187,493
worked,10.339539556457279,151,353
stroller,10.397800223662195,60,55
notified,10.40381284647948,114,219
update,10.458861211605369,59,51
mgmt,10.543438764284122,51,17
vibration,10.584706936551878,171,418
cane,10.601101929241835,53,14
assistance,10.614373809620139,126,253
breaking,10.620277207288527,188,482
company,10.66366524762668,361,1218
isn't,10.670373279160062,145,318
functioning,10.697387796544518,66,65
wait,10.855134424468593,72,78
none,10.86199980452583,127,248
older,11.001800382517962,75,83
elder,11.026791291933318,56,27
broke,11.051091494234207,170,394
coop,11.066969395790577,61,43
but,11.128734490592732,1846,8889
often,11.153901067580046,153,328
getting,11.231695841868381,340,1081
ceiling,11.268905173730769,334,1052
story,11.314102541097814,525,1923
missing,11.41997656441193,196,475
superintendent,11.46565126082088,73,67
feel,11.625551053474853,286,823
bound,11.69200741846272,75,11
heart,11.909400479892307,65,22
neither,12.112978352353599,75,57
every,12.229935303153741,602,2193
shed,12.230724553129338,498,1708
year,12.275046781888896,1450,6497
sometime,12.377004380517487,242,603
banging,12.430805492835688,260,670
bldg,12.450993888925906,191,410
brown,12.495776793136406,120,174
handicap,12.560921804897125,72,30
stop,12.60101950216468,508,1719
friday,12.616953390041317,216,493
got,12.634484971088472,257,647
disable,12.779917955858785,76,22
trapped,12.922732467428593,80,49
doctor,13.024225451404199,78,37
hot,13.087370533280602,475,1527
take,13.122162961233428,409,1237
inspected,13.14058369852142,286,731
today,13.195305633236169,476,1522
shut,13.328832370159503,238,539
order,13.368478612941056,695,2506
noise,13.507513268860402,910,3523
office,13.561048423658525,196,380
tenant,13.611454263591675,1525,6632
welding,13.62383868771786,112,119
minute,13.763486808912608,121,140
nothing,13.858944529892579,399,1139
notworking,13.865312297162996,117,13
past,13.922550030336525,671,2332
goe,13.931594971799761,320,816
able,14.128680176384355,284,667
laundry,14.151685960356051,143,191
button,14.159455326885235,204,8
aware,14.279709232032085,226,451
unable,14.501849249735491,206,374
medical,14.702441633776596,107,74
live,14.725034127233764,1249,5018
happen,14.734865013285656,289,652
manager,14.836960626115596,140,161
sound,14.863591874263314,206,359
boiler,14.920400397465565,1045,3981
repaired,15.030383830706672,157,203
again,15.105180235571506,358,889
nycha,15.25863641109851,247,9
sleep,15.368666623727778,215,367
stopped,15.436272687294878,214,361
repair,15.461405735859307,446,1211
help,15.758121701979752,269,528
machine,15.778473074528433,205,319
wheel,15.797823945963053,114,49
chair,16.014684074060668,137,116
flight,16.331963652889776,148,21
side,16.35898255653031,1369,5339
light,16.478460335908505,534,1487
complex,17.09643559121283,134,45
constantly,17.180273615166332,328,656
waiting,17.382539609572706,155,119
walker,17.8443673727133,181,24
terrace,17.917200728921944,178,163
device,18.26392941680502,153,51
hasn't,18.500408819342116,169,116
last,18.632700467422655,703,1985
maintenance,18.68867849399349,206,211
properly,18.7928114234755,379,739
yesterday,18.818122529743032,338,601
break,19.354457527988867,231,254
defective,19.391681519628413,319,511
cannot,19.427911298046624,413,817
disability,19.442780664753695,187,39
citizen,19.60377697552036,187,122
walk,20.07491324390427,468,966
problem,20.672076420601396,773,2069
resident,21.29177616920098,812,2163
appointment,21.425071960787005,220,53
time,21.679985071447245,1402,4637
floor,22.683161997644916,3809,16254
fix,22.700188441893207,468,798
issue,25.13250295798444,1421,4210
wheelchair,25.22933428367684,366,47
month,25.672965757730616,1354,3854
lobby,25.736240227313665,304,100
get,27.607108463088572,1338,3533
need,28.73480629403141,1565,4293
day,29.419504779720757,1752,4958
stair,29.746492864301132,711,1082
fixed,30.38804998016379,504,448
scaffolding,30.572878779091784,881,1553
super,32.74478742085359,534,378
disabled,33.00302154964847,551,105
senior,35.046171177210894,608,126
scaffold,36.4578973922213,926,1205
week,39.2468841538073,1692,3370
stuck,39.32657534412101,976,99
one,42.1189880342015,3158,8434
elderly,44.50121206621887,917,272
broken,45.43993297760028,1164,1107
management,55.784010044036606,1416,519
service,58.357077362391486,1588,867
building,62.9547498097883,11528,38530
working,95.36540570213712,5387,5717
elevator,99.63140422116109,13333,317
