word,z,n_strict,n_lenient
violating condition,-32.9243842615999,1347,2492
violation warranted,-29.650759512161578,1537,2452
warranted time,-22.60257371303231,249,787
construction work,-21.95612099258553,404,916
fully rescinded,-20.60596356520745,104,571
civil penalty,-20.55083794338472,76,569
observed site,-20.119032083400718,179,606
condition observed,-19.610780761737274,1241,1591
work progress,-17.954746301324708,313,657
compliance inspection,-17.87067598510073,36,476
violation filed,-17.65147401992301,34,470
inspection performed,-16.83269060379314,41,394
full rescind,-16.15039048597453,167,443
rescind swo,-15.922934227836805,8,950
work activity,-15.845169868539667,118,383
activity observed,-15.754388833579311,607,856
penalty paid,-15.272308106047904,38,318
swo fully,-15.218513480842896,20,389
site closed,-14.986853893316491,305,545
work observed,-14.629638346696861,271,500
site compliance,-14.62404009682804,55,289
borough commissioner,-13.989935349327851,61,271
action taken,-13.44062509799836,254,447
upon inspection,-13.300498275472876,102,289
letter dated,-13.236422346017996,4,859
inspection construction,-13.151974244977179,234,419
swo rescinded,-12.87109846622806,10,352
condition corrected,-12.81011954401403,111,285
site atoi,-12.80995249775131,7,468
construction activity,-12.69680882204322,2018,1853
plumbing work,-12.659042954411518,141,312
condition found,-12.573762354963973,74,241
inspection action,-12.006020350475112,133,287
non essential,-11.888226701928705,25,191
dob jurisdiction,-11.81796589405071,26,188
corrected rescind,-11.549113409586823,24,180
full swo,-11.35653222289356,42,180
time insp,-11.318423065880818,11,216
work permit,-11.306227944896182,151,288
work completed,-11.28167847769465,86,221
swo exist,-11.22905201693362,18,176
condition noted,-10.875473163162779,54,179
permit required,-10.769497965624693,109,233
job permitted,-10.75207721055717,25,155
lift swo,-10.511404097633637,15,156
essential site,-10.478411556167856,9,190
supported scaffold,-10.474799508974366,168,285
activity time,-10.09480049598807,144,253
vacate order,-10.062996711095845,477,548
provided approved,-9.919264922303686,45,149
activity work,-9.912330197534104,5,240
worker site,-9.849587766677724,121,225
rescind vacate,-9.627910498657737,14,128
full lift,-9.595859773634151,14,127
work time,-9.571700181550343,38,135
violation corrected,-9.495352678546197,18,121
rescission letter,-9.38729892501767,0,927
nan construction,-9.379564785928231,18,118
permit posted,-9.334354429866293,222,309
plan site,-9.262694513936363,98,190
boro commissioner,-9.25572344028896,5,187
job site,-9.254841519306607,566,596
swo per,-9.147260321996828,3,280
daily log,-9.056130762713243,18,110
building upon,-9.014097748398868,18,109
order posted,-8.97271940357968,13,110
work substantially,-8.923250898275386,12,110
substantially conform,-8.827029294763644,13,106
permit active,-8.803228678619925,45,127
approved plan,-8.773993661193275,375,427
parking lot,-8.748482526518377,79,161
site story,-8.678981285786772,7,122
building action,-8.647610610728439,10,106
plan provided,-8.628138564558055,23,103
renovation work,-8.601119510445798,25,104
swo rescind,-8.587189999385975,5,144
active swo,-8.4979006775035,5,139
site work,-8.477315882375956,32,108
hour work,-8.450908590255027,54,130
exist property,-8.401242131196566,17,95
governor order,-8.386725839281304,5,133
permit valid,-8.300719889320458,28,101
site inspected,-8.280092415086102,2,276
illuminated sign,-8.27387948937305,16,92
site close,-8.268871299888428,10,95
observed proposed,-8.247959862790657,12,92
interior renovation,-8.118256795150813,46,116
warranted see,-8.071642506916678,6,106
activity job,-8.054320397677213,14,87
job signed,-8.049098972947494,23,92
dob record,-8.03039000087026,389,419
job application,-7.993536292178889,12,86
conform dob,-7.990002285550096,4,132
permit issued,-7.98898233638935,306,350
action required,-7.903033589535412,73,140
objection rescind,-7.789647522337754,3,152
inspection job,-7.781332246666249,29,93
story alteration,-7.765603476817607,18,83
posted front,-7.665148594061472,76,139
issued expire,-7.658954126454381,29,91
swo lifted,-7.6301438418116705,6,90
issued ecb,-7.596403255306994,30,91
observed exterior,-7.543510024539019,60,121
person site,-7.534350143533564,28,88
covid safety,-7.515288460991105,8,79
going construction,-7.397429907459418,22,80
taken notification,-7.39735131062576,2,180
violation posted,-7.376613795841473,12,73
observed closed,-7.3758087884988885,11,73
approved detail,-7.3434624360218095,27,84
nan site,-7.32479710842982,12,72
sign observed,-7.3021156970396035,5,86
inspection egress,-7.215891486953219,10,70
swo lift,-7.179368273685585,1,284
property profile,-7.147194560454311,3,111
new applicant,-7.114243995753844,2,155
see permit,-7.092961069754219,5,79
applicant record,-7.065836212838129,2,151
failure post,-7.064893724703237,19,72
observed going,-7.054741123863991,12,67
observed work,-6.9929349002791055,167,211
found time,-6.97256159938513,13,66
permit permit,-6.900601937809721,47,98
site safe,-6.900601937809721,47,98
necessary construction,-6.837456478641014,6,67
front entrance,-6.831399545595611,47,97
rescinded per,-6.801606120027185,0,487
objection full,-6.794123296212541,2,130
swo issued,-6.777063979738686,38,87
work conforming,-6.7673440988891445,8,62
okay rescind,-6.737331266472125,1,229
site site,-6.718031222561965,33,81
resume work,-6.715456906217866,7,62
alteration building,-6.686425462002734,10,60
warranting violation,-6.661857515549431,4,73
upon research,-6.579207478968904,12,59
according dob,-6.52493925462894,3,81
detail design,-6.522535276218703,19,64
illegal conversion,-6.509861849707238,29,74
rescind badge,-6.499732200668869,15,60
inspection ongoing,-6.499732200668869,15,60
job permit,-6.488765375315963,84,128
inspected inspector,-6.48497018449191,2,109
certificate occupancy,-6.482469675303081,177,210
dated rescind,-6.464827295302985,0,440
permitted continue,-6.407797586819944,1,192
design drawing,-6.407722856857428,56,100
appointment inspection,-6.402914530362128,9,55
active construction,-6.385006182892646,374,366
inspection evidence,-6.372346234824558,17,60
light observed,-6.369760093341933,7,55
application permit,-6.342049873268884,8,54
excessive debri,-6.336949884576085,39,82
provided full,-6.301839397415862,18,60
structural defect,-6.2946285319372945,25,67
site open,-6.2690262264085765,3,71
job completed,-6.266596000208296,13,55
noted action,-6.241593359452698,3,70
defect observed,-6.227436012378315,20,61
condition reported,-6.214419423878576,2,93
observed property,-6.19377421730264,34,75
rescind issued,-6.192743077406306,4,59
noted time,-6.191689411689315,35,76
installed construction,-6.166409723913876,8,51
inspection found,-6.157005775664497,3,67
activity taking,-6.142367756732648,24,64
construction progress,-6.13389435570735,27,67
rescind stop work order,-6.128217190853902,29,69
inspection violating,-6.1245580237654815,59,99
inspection gained,-6.111149691282905,75,114
civil matter,-6.105610750685623,8,50
superseded new,-6.103253871832479,1,161
posted permit,-6.089654078479234,11,51
conforming plan,-6.070762121090511,16,55
observed installed,-6.068645914482619,22,61
osha card,-6.043613162073215,8,49
construction observed,-6.0413456040796865,75,113
needle beam,-6.037484432958894,12,51
activity noted,-6.020171093822574,5,51
hazardou condition,-6.0076219403873665,322,317
time appointment,-5.995160072947634,17,55
appear completed,-5.986233478242368,23,61
electrical wire,-5.961692244028831,32,70
competent person,-5.907985196148403,88,123
require permit,-5.894126589884196,56,93
sst card,-5.8905332653038,28,65
demo permit,-5.889499085035954,12,49
letter provided,-5.872042484126772,5,48
substantially completed,-5.849942040937087,8,46
inspection sign,-5.822973120018509,9,46
but observed,-5.820624172575907,5,47
per borough,-5.819737387779226,1,135
access provided,-5.7993072057446104,11,47
issue observed,-5.713890053843966,8,44
use conform,-5.7137110818295485,1,126
bright light,-5.661564883251407,7,43
suspended scaffold,-5.6546683983516735,91,122
rescind letter,-5.652686097535459,1,121
commercial space,-5.649320665542764,107,136
permit renewed,-5.646919303344824,4,46
swo job,-5.64028435405129,1,120
wash station,-5.595752221115278,3,50
hanging wire,-5.595752221115278,3,50
training requirement,-5.589984329178385,1,116
job filing,-5.585659814592899,17,50
electrical permit,-5.576966939350236,180,196
per rescission,-5.572691856427241,0,327
scaffold removed,-5.571719781634812,8,42
roof protection,-5.553445810281109,65,97
perimeter inspection,-5.5010140700692185,14,46
observed owner,-5.49576237329178,2,60
closed construction,-5.483256358697148,66,97
entrance door,-5.4320850630887145,119,143
stop work order exist,-5.414865971059433,14,45
permit holder,-5.409066022113256,12,43
work going,-5.384375989942329,43,74
per rescind,-5.376203729031014,1,100
exterior building,-5.372315975462277,82,110
time inspection,-5.366899652543085,10337,6856
warranted action,-5.36208168860385,1,99
observed interior,-5.319208533995263,18,48
per job,-5.316965920201381,11,41
plumbing permit,-5.293431094846357,40,70
taking place,-5.270896261478732,146,163
safety plan,-5.25733678604158,101,125
activity ongoing,-5.237268878701393,14,43
imminent hazard,-5.236558666447956,2,51
completed unsafe,-5.236011292714058,15,44
admin lift,-5.205165359983672,2,50
story alt,-5.173175543355658,2,49
continue work,-5.121553779085451,22,50
close site,-5.071936853350247,1,80
faade work,-5.049798456574508,15,42
violation written,-5.033092225030815,20,47
partial swo,-5.015733563257029,31,58
violation condition,-4.99476166320127,51,77
rescind civil,-4.987212149669126,1,75
violation served,-4.958026243173278,357,320
public space,-4.956534469302712,14,40
dob permit,-4.923307569949878,26,52
action needed,-4.872654978453692,84,105
work warranting,-4.84217015415757,1,67
one story,-4.827670046634088,25,50
closed unsafe,-4.82675966356643,26,51
permitted civil,-4.8231037309900895,1,66
permit obtained,-4.819434827080937,93,112
reference dob,-4.724176608176362,1,61
inspection attempted,-4.724176608176362,1,61
debri observed,-4.6783515858264755,87,105
dismiss swo,-4.6616470272978034,1,58
floor tile,-4.656611004447542,14,37
access granted,-4.641914244751834,18,41
permit filed,-4.62040121809531,58,79
exp filed,-4.574026761647559,1,54
admin rescind,-4.551286370855999,1,53
required document,-4.536929484764196,48,69
close worker,-4.528185788514949,1,52
rescinded based,-4.504710630088758,1,51
demo work,-4.430554536103626,18,39
commissioner rescission,-4.41189866761552,0,205
letter rescind,-4.3686296837672085,0,201
executive order,-4.3178642302641155,20,40
demolition work,-4.280233529575087,50,68
transient use,-4.259446028044368,173,168
site time,-4.216858944116559,27,46
provided site,-4.207406962312987,22,41
property line,-4.162805527578238,77,90
per boro,-4.156964087057758,0,182
proposed story,-4.111384310823433,145,144
site permit,-4.095254792603676,21,39
dob approved,-4.093617090380911,58,73
letter issued,-4.087848767710119,0,176
upon inspecting,-4.076215745416774,0,175
interior work,-4.050620562325473,35,52
necessary observed,-4.0175459744305435,0,170
evidence construction,-3.9994579002792703,50,65
notification dispatch,-3.9819296615303523,0,167
plan permit,-3.9798039372580685,18,35
permit exp,-3.9572103783464705,80,90
lmp license,-3.9459922386470905,0,164
inspecting observed,-3.9459922386470905,0,164
amended plan,-3.9381038202279086,34,50
rescinded violating,-3.878772205678741,25,41
log book,-3.859697346088606,37,52
hour construction,-3.859200344080381,54,67
per dob,-3.8226644461564216,33,48
inspection conducted,-3.8140643648581984,32,47
rescind admin,-3.748517841380301,0,148
per qbco,-3.735829466584001,0,147
issued rescission,-3.6717305673727303,0,142
inspected ins,-3.6587761595240464,0,141
per dbc,-3.5933042858332804,0,136
observed time,-3.5813790319027046,639,485
viewing panel,-3.578969381887526,111,110
work conform,-3.5642540646071756,39,51
protection provided,-3.5440689391421154,27,40
inspection unsafe,-3.523026826721152,63,71
further action,-3.5125003700037163,23,36
warranted wire,-3.505904008361032,22,35
lifted rescind,-3.4723481639452176,0,127
installed per,-3.4564586279266227,30,42
valid till,-3.4172170552420016,0,123
permit expire,-3.405840380158336,283,234
see app,-3.403294848038463,0,122
work complete,-3.3894174566588013,34,45
site condition,-3.3630905839707244,47,56
verified violation,-3.3611825169590785,0,119
observed active,-3.352694312820148,241,203
rescinded new,-3.3328122504278297,0,117
dbc simon,-3.275335146817313,0,113
inspection permit,-3.2595959325810226,79,81
fully demolished,-3.246647988240849,32,42
lot line,-3.2432919327776277,21,32
building permit,-3.1744253727443983,42,50
stop work order fully,-3.158208685474558,34,43
objection lift,-3.1270271400056857,0,103
access rear,-3.1210140582186585,22,32
simon lee,-3.111807875199799,0,102
lee rescission,-3.111807875199799,0,102
new lmp,-3.096513858331354,0,101
back yard,-3.0901431562359263,37,45
recommend lift,-3.050172023347819,0,98
document provided,-3.039907059935692,34,42
access time,-3.023275546228903,33,41
commissioner letter,-3.0188825351514543,0,96
sst verified,-3.0188825351514543,0,96
inspection required,-2.999659711731859,23,32
job appear,-2.974773010758082,21,30
observed plumbing,-2.974773010758082,21,30
floor commercial,-2.974773010758082,21,30
general wiring,-2.9257156098834907,27,35
license record,-2.8903414176583486,0,88
superceded job,-2.8903414176583486,0,88
conform plan,-2.875125815402864,38,44
office issued,-2.873869795423828,0,87
work approved,-2.8357388471194946,21,29
observed throughout,-2.812477279222719,28,35
done hazardou,-2.807017458240316,0,83
observred construction,-2.790054233405159,0,82
fully rescind,-2.7663748866938236,59,60
observed minor,-2.75668389739509,38,43
inspection active,-2.752791703466056,135,117
stop work order rescinded,-2.7430632887473423,24,31
reinstatement lmp,-2.721144636223943,0,78
per reinstatement,-2.721144636223943,0,78
per plan,-2.717786601930302,47,50
continue use,-2.703642962692067,0,77
swo bis,-2.703642962692067,0,77
activity site,-2.6958934147434475,46,49
paid site,-2.68602731054014,0,76
closed site,-2.681457866778148,73,70
guard rail,-2.651609817337625,44,47
observe close,-2.6504449652520794,0,74
bis property,-2.6504449652520794,0,74
provided okay,-2.6143786133258673,0,72
store front,-2.61045191332797,31,36
property according,-2.5778079394908056,0,70
public sidewalk,-2.56802277731958,29,34
construction permit,-2.56802277731958,29,34
facade work,-2.5634706077376723,50,51
recession letter,-2.5030649029312197,0,66
performed badge,-2.5030649029312197,0,66
shift meeting,-2.482749792729772,25,30
story upon,-2.464843971641877,0,64
issued recession,-2.464843971641877,0,64
permit job,-2.4563526393527706,30,34
appear compliance,-2.443477972774573,35,38
letter completion,-2.4401572357375403,23,28
main entrance,-2.4307982699542405,58,56
borough commissioner',-2.426021211738133,0,62
inspection recommend,-2.406375061073696,0,61
unable gain,-2.4011761193764007,129,108
inactive site,-2.386593827346337,27,31
per insp,-2.38656725320193,0,60
record swo,-2.3665937290324397,0,59
partial vacate,-2.362868938314532,237,183
mbco issued,-2.346450256722741,0,58
permit needed,-2.315844598841888,24,28
bc' office,-2.305635612892064,0,56
work allowed,-2.2730586273525133,102,87
cse audit,-2.265108033042185,38,39
police matter,-2.2640855925779877,0,54
activity related,-2.2640855925779877,0,54
letter received,-2.2430220737097413,0,53
okay lift,-2.2430220737097413,0,53
observed building,-2.227235161178899,78,69
project information,-2.214873185688574,85,74
permit work,-2.209992744244543,31,33
front porch,-2.207268813289884,45,44
inspection pop,-2.2002903995999716,0,51
progress time,-2.193084652465431,40,40
exposure one,-2.1830344977874447,30,32
work exposure,-2.16690736357192,24,27
car parked,-2.1557677676212763,29,31
obstruction egress,-2.1557677676212763,29,31
construction fence,-2.151801769838309,852,585
inspection work,-2.1176616372515102,70,62
expire expire,-2.10027286091561,27,29
approved drawing,-2.0703682258485205,72,63
observed permit,-2.065150284467771,90,76
document site,-1.934522054643491,44,41
progress permit,-1.899186896489397,30,30
special inspection,-1.8848066448981349,34,33
building occupied,-1.8491910831678375,53,47
repair work,-1.8183430800241736,52,46
conforming approved,-1.7680169455021348,26,26
work taking,-1.7542870043596677,61,52
water leak,-1.6834585241812052,28,27
location given,-1.6791190876458246,55,47
specific location,-1.6611185861194806,72,59
work ongoing,-1.6139465886425333,42,37
issued permit,-1.5780438621438873,86,68
observed two,-1.566953033104153,29,27
building currently,-1.5668533071699766,33,30
ahv permit,-1.5429673907541914,40,35
construction taking,-1.5289309022424307,28,26
mean method,-1.4501128684213223,26,24
two story,-1.4407687926163453,48,40
violation permit,-1.3947530853535675,57,46
entire building,-1.3727389639198428,53,43
debri falling,-1.361722976060649,66,52
site action,-1.3526370804835222,35,30
side building,-1.3116022181114952,71,55
condition resolved,-1.2689418563336237,40,33
continued work,-1.262029041918376,50,40
scaffold exposure,-1.236790588178542,46,37
exterior work,-1.2200541133048153,84,63
cmu wall,-1.2055332555637552,35,29
work site,-1.1972434402839105,45,36
observed vacant,-1.1839398421005083,31,26
previou violation,-1.1389492546252131,30,25
stop work,-1.0949988227976508,49,38
due fire,-1.0740580440498249,58,44
maintained per,-1.0561497319267734,73,54
special inspector,-1.044979466743745,28,23
new work,-1.044979466743745,28,23
unsafe violating,-1.0304689427853366,41,32
stop work order issued,-1.017399953910856,84,61
ecb summon,-0.9600425752771701,103,73
cmu block,-0.9508585527082896,36,28
site locked,-0.9507541470739655,61,45
observed illegal,-0.9490943444400096,64,47
scope work,-0.9486880547919172,123,86
compliant due,-0.9278043621821981,29,23
observed construction,-0.918515481117236,777,501
active site,-0.9110680881818966,75,54
inspection site,-0.9005257829896214,130,90
intent revoke,-0.8788287936173913,47,35
hunter green,-0.8765009799770289,28,22
see complaint,-0.873744626243833,109,76
construction site,-0.8609740094402157,227,152
provided adequate,-0.8417830778543299,40,30
per approved,-0.8417830778543299,40,30
rear property,-0.8417479915880143,79,56
shed parapet,-0.7985739706359444,36,27
work covered,-0.7985739706359444,36,27
structural work,-0.7985739706359444,36,27
construction material,-0.7967273813129349,69,49
adjoining property,-0.7882544289985288,48,35
structural stability,-0.7436730041905809,41,30
observed roof,-0.7436730041905809,41,30
observed story,-0.6968695894040997,140,94
necessary time,-0.6952347513000895,37,27
inspection building,-0.6436310828652557,36,26
observed front,-0.5958855516181086,81,55
family dwelling,-0.5375820112421479,57,39
new electrical,-0.49308216873646477,39,27
corrected full,-0.4791110389274535,33,23
fall protection,-0.4791110389274535,33,23
full vacate,-0.45466205154333916,113,74
pre shift,-0.4452791237739399,110,72
condition nan,-0.42975864486450244,35,24
supported scaffolding,-0.4206096242326466,32,22
unlawfully continued,-0.4050431482902765,43,29
violation warrented,-0.3717114711676201,34,23
dob violation,-0.36332692700150293,172,110
work done,-0.32782102658450757,112,72
ecb violation,-0.3263061497648779,710,443
active permit,-0.28743952483387,540,337
commercial vehicle,-0.28182856501477754,38,25
non compliant,-0.24381865464976799,75,48
ground floor,-0.23039562910849187,88,56
notice stop work order,-0.22302805954896576,37,24
neighboring property,-0.218236453297985,45,29
ongoing construction,-0.21462102045600706,201,126
active work,-0.19791258420870733,161,101
shed installed,-0.18146734966609343,47,30
observed debri,-0.13138912945984976,54,34
protection plan,-0.10601055836583441,43,27
tenant protection,-0.10601055836583441,43,27
building fully,-0.09954891332396712,35,22
interior exterior,-0.07507579554719462,32,20
foundation wall,-0.0602295504039223,37,23
required permit,-0.058178327966359286,63,39
vacate issued,-0.04793317014255714,55,34
sws place,-0.003573687107002646,49,30
full demolition,0.018999711181928405,64,39
posted site,0.020744304398632604,46,28
conform approved,0.07053707506032748,91,55
fence installed,0.10280392313299509,32,19
info panel,0.10798641337712492,42,25
observed evidence,0.14083621343592892,49,29
however observed,0.17105572473535358,41,24
variou location,0.19947775848498595,48,28
scaffold erected,0.23131562276019316,45,26
jobsite closed,0.2657714684838372,42,24
third floor,0.2736658137155105,37,21
shaking vibrating,0.3220955461436191,100,58
site safety,0.3270956401255605,232,137
storage zone,0.34313984361403177,70,40
observed floor,0.3638147724361052,55,31
expired fence,0.39819207474459567,52,29
parking garage,0.4258639800005568,42,23
front property,0.4351396906854607,49,27
vacant lot,0.47374027085300036,94,53
link fence,0.49483555426045917,41,22
activity progress,0.5194084128609617,36,19
front door,0.5468195957170335,131,74
illegal curb,0.5522773482075937,66,36
fence erected,0.5644236954984176,54,29
observed supported,0.5661032919610512,40,21
storage room,0.6187070801252135,37,19
entry door,0.6304296498512024,136,76
rendered non,0.6330092030433112,81,44
building facade,0.6603053321798233,41,21
exp rear,0.6603053321798233,41,21
permit expired,0.7156311021114947,235,133
structure rendered,0.7332204541287902,79,42
chain link,0.7367553971084049,49,25
upon request,0.7381294339782238,65,34
nan observed,0.7619130853242515,60,31
posted vacate,0.7893974967925967,55,28
observed one,0.8119042227093237,39,19
sws permit,0.8119042227093237,39,19
vehicle parked,0.8320327328090658,84,44
site unsafe,0.9295180500126795,64,32
inspection new,0.9609785229189725,48,23
served licensee,0.9630824897536374,35,16
installed exposure,1.0219428499318017,45,21
side yard,1.0299826687423832,69,34
code renew,1.0608602376366956,36,16
observed nan,1.080706039929171,55,26
corrective action,1.1023576570579048,90,45
work contrary,1.1038377121503733,59,28
full stop work order,1.1383609904553396,105,53
cse unit,1.1566726023316392,37,16
building violation,1.1861076755919255,45,20
observed basement,1.1861076755919255,45,20
approved construction,1.228567222608063,55,25
electrical panel,1.3410545783027548,37,15
excessive amount,1.3426776984473248,39,16
curb cut,1.3427607306148064,328,177
measure repair,1.345147630419932,41,17
exp front,1.3521466453738384,45,19
vehicle observed,1.3720099085390391,53,23
overhead protection,1.3832915338071965,89,42
fence permit,1.4335621720151193,315,168
safety manager,1.4466408826001567,52,22
observed new,1.5004340920983437,72,32
basement level,1.5038111757169625,104,49
active job,1.5171036766352648,161,80
observed job,1.5199648267476542,78,35
construction superintendent,1.526666559846384,80,36
building closed,1.5284845349300646,55,23
electrical work,1.5407163520679117,355,189
access zone,1.612782594170028,40,15
active jobsite,1.689555484798196,67,28
wall exposure,1.6998458341665001,41,15
contrary stop work order,1.7071587413754226,39,14
common area,1.710680657658537,79,34
maintain fence,1.7240001548076256,85,37
maintain construction,1.7294616465420332,123,57
rear yard,1.7620295429917496,399,210
valid certificate,1.7628330953863904,50,19
living room,1.7717007084438245,46,17
observed crack,1.7778161092992064,44,16
foundation phase,1.7778161092992064,44,16
building department,1.7852554062196704,42,15
activity construction,1.8048806431532223,38,13
guardrail system,1.8268464204344441,65,26
condition certificate,1.8568620677837835,50,0
pedestrian using,1.8753398422257486,51,0
same failure,1.8753398422257486,51,0
floor floor,1.879530757657727,41,14
masonry wall,1.879530757657727,41,14
flex hose,1.8917739810987324,39,13
condition create,1.8936373643744762,52,0
illegal occupancy,1.896622702203944,66,26
strt wrk,1.9117598098408266,53,0
further class,1.9117598098408266,53,0
underside lighting,1.9117598098408266,53,0
record reveal,1.9117598098408266,53,0
district rca,1.929712111207985,54,0
shift safety,1.932259514958598,48,17
family house,1.932259514958598,48,17
permitted sidewalk,1.9474989737138404,55,0
bldg code,1.9474989737138404,55,0
ahv construction,1.9474989737138404,55,0
rpr undr,1.965124889655771,56,0
rear building,1.9653203600552407,83,34
front building,1.9726860888315807,91,38
zoning regulation,1.9821374756889563,57,21
repair bldg,1.9825941516427719,57,0
dob system,1.9825941516427719,57,0
damaged facade,1.9825941516427719,57,0
removed active,1.9825941516427719,57,0
dot permit,1.9869989312486016,145,66
action necessary,1.9905988476593148,1656,934
obtained rectify,2.0170789580640998,59,0
observed progress,2.0337761873219224,68,26
unpermitted use,2.034102194536967,60,0
stable condition,2.050984181176027,61,0
front premise,2.0602722040074504,41,13
fence exceed,2.0677283776909534,62,0
use building,2.077732930824687,52,18
nys lic,2.0843381048293264,63,0
observed atoi,2.08758894748716,50,17
light fixture,2.11146211355608,46,15
adequate housekeeping,2.1126551646461724,113,48
observed failure,2.1171667847621034,65,0
pvo posted,2.1258055679070003,44,14
ownr rtain,2.1333917508097513,66,0
utility room,2.165477124068517,68,0
parapet information,2.1723365475805005,68,25
room located,2.1813428935826806,69,0
access new,2.197094131522492,70,0
pswo issued,2.197552305547199,60,21
partial stop work order,2.2073482521988366,140,61
summon observed,2.2127332837524056,71,0
stopping provided,2.2127332837524056,71,0
gained however,2.2282627103081842,72,0
partial access,2.2282627103081842,72,0
unable determine,2.231817025546447,125,53
feet height,2.2415240432599974,41,12
access verify,2.2449396102002157,67,24
action warranted,2.251614128470863,65,23
observed violating,2.255956710596518,367,183
retain nyspe,2.2590014220911026,74,0
ownr retn,2.274215034412275,75,0
nyspe eval,2.274215034412275,75,0
disrepair condition,2.28932758236056,76,0
atoi observed,2.2962770308322167,399,200
parked front,2.2986638238179684,55,18
alteration work,2.300758011754351,44,13
gas dryer,2.3192573745056815,78,0
ent bldg,2.3192573745056815,78,0
access building,2.3256132925956083,51,16
inspection illegal,2.346577655919952,60,20
ongoing work,2.346577655919952,60,20
remedy fix,2.3488059508063657,80,0
building repair,2.3488059508063657,80,0
served ecb,2.3634417584385794,81,0
observed fence,2.3778835797158653,45,13
second floor,2.3830840371745756,126,52
adjacent building,2.395905248254796,86,32
good condition,2.404544258097976,63,21
contained summon,2.4211007286511244,85,0
condition violation,2.433548843880217,48,14
recorded summon,2.4353022571466627,86,0
dob reg,2.4353022571466627,86,0
permit construction,2.453579742521998,46,13
gain access,2.458634477457511,278,131
wrote violation,2.4634598131673524,88,0
code maintain,2.4755895317519014,44,12
fence exp,2.488144498739743,51,15
order issued,2.494220403714935,144,60
inspection visible,2.496110921191472,60,19
property exposure,2.4997366080120713,42,11
site construction,2.5069713456751344,71,24
permit action,2.5261621339918543,40,10
rtain nyspe,2.546065507137327,94,0
prmt file,2.546065507137327,94,0
served unlawful,2.5730117131994032,96,0
license plate,2.5784425062846474,59,18
hole penetration,2.586379587263331,97,0
repair replace,2.586379587263331,97,0
safety meeting,2.6302358013858123,53,15
occupancy observed,2.649484122210618,44,11
final inspection,2.649484122210618,44,11
code provide,2.649484122210618,44,11
feu repair,2.678087838463443,104,0
ownr immed,2.678087838463443,104,0
story house,2.6958052009700775,74,24
entire site,2.7955774109814007,69,21
observed rear,2.8073525683332137,112,41
floor window,2.8102493842838276,67,20
inspection access,2.822196146196309,149,59
parapet wall,2.822631396440348,147,58
access class,2.852677344405434,118,0
residential building,2.9256295139801534,80,25
violation observed,2.945476725329309,102,35
fence exposure,2.988891486963514,63,17
jersey barrier,2.9896158637118275,44,9
maintained code,2.9896158637118275,44,9
immed comply,3.0057340341250853,131,0
retaining wall,3.0084127340339024,149,57
place unsafe,3.0568309911831735,45,9
rca past,3.0625670519878443,136,0
observed temporary,3.0868062538130694,43,8
illegally parked,3.0868062538130694,43,8
required code,3.0868062538130694,43,8
site padlocked,3.09362655212434,48,10
code specification,3.0940379711458372,60,15
fence per,3.096643396452608,94,30
front entry,3.113144368197659,81,24
issued appointment,3.1294053795267396,142,0
immediately comply,3.1294053795267396,142,0
permit obtain,3.1304930774525985,51,11
building construction,3.1308793007048186,99,32
determine transient,3.140683275812774,97,31
occupancy building,3.152187682593529,44,8
appointment made,3.16229516581811,145,0
observed sws,3.1674461772282885,54,12
code complaint,3.179937214973383,132,47
work performed,3.2044680881253407,57,13
issued violation,3.2179415662251047,62,15
observed premise,3.2222145568544303,50,10
tripping hazard,3.230272509765686,55,12
work entire,3.241527114747914,60,14
scaffold place,3.241527114747914,60,14
gas leak,3.24418699843701,43,7
gas work,3.2584657626949376,97,30
construction debri,3.264806207464183,138,49
day issued,3.2800725811127887,156,0
place time,3.284772953783716,51,10
illegal parking,3.2920872298013353,56,12
per rcny,3.2920872298013353,56,12
present site,3.2939119523585814,68,17
adjacent property,3.294495236776489,242,100
expiration date,3.3156134691207,66,16
permit observed,3.32739155519251,133,46
information panel,3.336499699633881,253,105
class one,3.340441539233822,47,8
due day,3.3425673204511277,162,0
approximately feet,3.352572905398929,69,17
correction rca,3.352869945853388,163,0
past due,3.3631410340364227,164,0
show correction,3.3631410340364227,164,0
zone restrictor,3.3631410340364227,164,0
ground level,3.3744632060516797,67,16
piece bathroom,3.3744632060516797,67,16
made show,3.3835897466609994,166,0
illegal use,3.3883986993287647,79,21
exterior wall,3.39309619529364,115,37
electrical wiring,3.40934119347578,84,23
class violation,3.419227570401071,183,69
served failure,3.4318825403810114,89,25
gained partial,3.4377654285216184,49,1
building ade,3.4377654285216184,49,1
immediately provide,3.4377654285216184,49,1
vio issued,3.4441087717924286,80,21
routine inspection,3.4442080752128357,172,0
house observed,3.446351018652258,44,6
observed missing,3.4627812575509926,78,20
door zone,3.464178656997525,174,0
site fence,3.470249681326866,92,26
public safety,3.4979533151294695,57,11
permit expiration,3.5028585341049325,45,6
issued rca,3.5037786288007537,178,0
violation remain,3.5057983087420075,52,1
flexible cord,3.5057983087420075,52,1
unobstructed exit,3.5178867546283326,50,8
monitor found,3.523411853511229,180,0
responding incident,3.5277219051583097,53,1
undr prmt,3.533187588117575,181,0
remain open,3.54929256341015,54,1
permitted work,3.5502789342075904,53,9
observed falling,3.5581878589931626,46,6
condition time,3.5594419622135627,138,46
emergency light,3.5705235190944227,55,1
provide maintain,3.5786234839261626,121,38
building rear,3.581717829411777,56,10
combustible material,3.587023511868198,61,12
potential fire,3.5914272828007427,56,1
story existing,3.5914272828007427,56,1
order feu,3.6199824138905647,190,0
construction equipment,3.6503639723696013,140,46
operation observed,3.66911217480218,46,5
cut approx,3.6914314901887684,61,1
observed expo,3.6914314901887684,61,1
however failure,3.7047461044149443,199,0
horizontal crack,3.704850619807352,51,7
issued time,3.7175684280780152,49,6
lock monitor,3.7233206664313134,201,0
inadequate housekeeping,3.7238677805712657,61,11
contact cse,3.7462673866408567,46,4
side walk,3.748872621932743,102,28
observed fire,3.7590257029420315,69,14
create unsafe,3.7666023838852634,65,1
exceed permitted,3.7666023838852634,65,1
class failure,3.7666023838852634,65,1
rca previously,3.769357012095276,206,0
safety hazard,3.7811066402491296,49,2
manner observed,3.7811066402491296,49,2
water damage,3.783680084031287,105,29
inspection observe,3.792653928471093,55,8
failure safeguard,3.8066952163332903,47,3
observed issued,3.8118338603241915,50,2
enabling vehicle,3.8118338603241915,50,2
issued inspector,3.814838366040839,211,0
wall appurtenance,3.815747216429861,49,5
building sidewalk,3.815747216429861,49,5
partition wall,3.8191859629876603,75,16
drop ladder,3.860180300906846,54,7
per complaint,3.8679013723909508,52,6
corrected observed,3.871583142730266,52,2
fence height,3.872507728985663,71,1
activity worker,3.882925562806302,49,3
action corrected,3.9006491171689976,53,2
observed excessive,3.909761645267934,84,19
complaint manner,3.9176560008904717,126,37
install sidewalk,3.9199204875876825,50,3
permit rca,3.922757086234415,74,1
class item,3.930630101578924,224,0
basement cellar,3.957264405010833,55,2
erected sidewalk,3.9592438539551753,56,7
request cse,3.962280952275617,51,4
renew permit,3.985845066347564,132,39
immed rtain,3.987279288575574,78,1
order contained,3.987279288575574,78,1
electrical room,3.987279288575574,78,1
brick wall,3.993016016626333,71,13
inspection permitted,4.038665845245102,58,2
household item,4.042991908433644,53,4
missing brick,4.054993335049904,58,7
inspection worker,4.05940009822636,65,10
sharp edge,4.061091346766633,54,3
summon violation,4.064926119951672,59,2
use residential,4.064926119951672,59,2
permit violation,4.075885328470765,143,43
right side,4.0880844941664325,109,28
fire extinguisher,4.0880844941664325,109,28
building exterior,4.088272908261584,68,11
maintain exterior,4.094169440417157,85,1
observed erected,4.100906053183133,57,6
level observed,4.101692546368683,59,7
gas stove,4.108610624983383,66,10
good standing,4.1088742433014955,86,1
temporary equipment,4.147641411166424,60,7
garage door,4.147933667236729,79,15
observed obstruction,4.1586914772686905,56,4
missing parapet,4.16050640255723,57,3
building time,4.166485950544841,94,21
emergency exit,4.190315504523679,64,2
code requirement,4.192863489888588,61,7
immed provide,4.192863489888588,61,7
comply commissioner',4.194450085894142,92,1
create hazard,4.194450085894142,92,1
correct condition,4.214298735618198,65,2
order due,4.231451791447667,60,6
supported pipe,4.232665406370572,64,8
complaint observed,4.232665406370572,64,8
fully enclosed,4.234528381212923,93,20
gas piping,4.240523489349174,76,13
shed observed,4.24970647410508,86,17
maintain bldg,4.261260525462964,67,2
left side,4.271175544983437,120,31
self closing,4.275898348792226,98,1
new gas,4.277871301446447,65,8
inspector observed,4.289108138050997,99,1
light bulb,4.315533712122136,62,3
restore service,4.3267328844971615,61,5
meet code,4.327784462136747,73,11
access condition,4.339420642887735,273,0
access permit,4.340981290361959,103,1
maintain adequate,4.367037584740478,143,40
maintain violation,4.374212138971957,64,3
provide unobstructed,4.389936710497134,72,10
code compliance,4.434661988172067,73,10
sprinkler system,4.436723504593167,119,29
sidewalk curb,4.4392205883645,64,5
class door,4.452535362013594,112,1
laundry room,4.458238899970429,88,16
height partition,4.459024527786198,67,3
vertical member,4.474668086105685,66,6
fall hazard,4.475584416544623,65,5
access certificate,4.487935506912217,292,0
vacate entire,4.498642638168146,78,2
adequate safety,4.498642638168146,78,2
jobsite fence,4.5183731203911615,82,13
class work,4.538501207202052,80,2
observed hole,4.538501207202052,80,2
immed retain,4.540291680995914,70,3
observed exp,4.545376239237701,179,54
verify condition,4.568334301458962,68,4
remedy immediately,4.569209546949116,122,1
summon served,4.5705596851705925,70,7
inspection noted,4.5803079385833225,81,12
manufacturer specification,4.599244761796302,69,4
existing building,4.615801779169166,75,9
perform duty,4.61730106220202,73,8
walk shed,4.6322558300048495,87,14
temporary construction,4.632547954931623,154,42
exposure sidewalk,4.634361938525187,85,2
access gained,4.643430227108005,145,38
entire bldg,4.643645992989605,74,3
new owner,4.649646608418231,70,5
mechanical room,4.652926756492619,86,2
oath summonse,4.671300316926057,87,2
sprinkler head,4.72531730561336,90,2
permit dob,4.75724109204139,136,33
mean egress,4.760901657920916,171,48
dead storage,4.7612594377588735,90,14
observed unpermitted,4.765645116545183,79,3
full height,4.802110630510556,75,6
exposure observed,4.812065822518875,75,5
hot water,4.814104013084412,135,32
access failure,4.814329732563166,336,0
story occupied,4.837364560644411,104,19
order file,4.845047770418377,92,14
falling debri,4.851803134245014,97,16
creating hazard,4.854580604991563,81,9
alarm system,4.854580604991563,81,9
retain nys,4.8594905905955175,78,4
construction operation,4.860328717844186,107,20
building wall,4.875182990525644,100,17
shed exp,4.886208002662564,80,8
inspection violation,4.9214450722363345,128,28
correction pursuant,4.9346278616240005,79,5
expired permit,4.950158898890431,169,45
zoning resolution,4.973216219794892,81,7
compliance recorded,4.989199278642985,106,2
construction document,4.99250824040472,137,31
corrected ecb,4.9983568700609595,164,1
rts class,5.0045157824225415,107,2
story residential,5.032424270011595,92,12
dept record,5.0436666187229,88,10
dlm installed,5.064580633088641,111,2
vertical crack,5.0781065761125195,91,11
debri netting,5.0991198511765745,96,13
remedy maintain,5.125344095673049,178,1
violation parking,5.165396903914667,118,2
inspection proposed,5.189806768381229,88,5
pedestrian walkway,5.197169655109767,108,17
observed ongoing,5.206134025372452,140,30
shed permit,5.25328102876052,170,42
split unit,5.2630960718926465,117,20
parking pad,5.280104188704324,115,19
department building,5.324414691883792,160,37
observed electrical,5.356146258669808,93,7
class rts,5.356162382996615,93,6
permit unsafe,5.376883552413555,108,15
condition provide,5.3782363596135845,134,2
throughout building,5.3858625687734785,94,7
correct rca,5.395652162317624,422,0
parapet panel,5.415274385890973,95,7
permit time,5.416717552866308,97,9
remedy repair,5.426284454799728,214,1
pipe scaffold,5.440120491890495,224,63
regulation residential,5.4650815930277155,97,6
waste line,5.536960410708404,107,4
inspection compliance,5.543959926918589,100,6
exit passageway,5.5461650381920675,115,16
multiple location,5.5639019052575405,103,5
first floor,5.570021789666447,237,67
department record,5.586283756679198,155,32
active vacate,5.595286291253025,102,6
fire hazard,5.60214722707282,106,11
creating unsafe,5.622145181850388,124,3
step crack,5.627904712337517,122,18
electrical equipment,5.664995418861809,105,9
observed cellar,5.689927740600186,105,8
yard planting,5.695090057978136,106,6
create hazardou,5.730543209099472,117,4
comply code,5.733272829058044,125,18
planting requirement,5.746576806223261,107,7
time reinspection,5.767867041550966,126,18
building active,5.773597684991311,108,8
new building,5.777267910791875,393,135
fire alarm,5.828136695863951,110,8
illegally converted,5.923323091646073,114,9
building exposure,5.92396005859367,115,10
unit installed,5.92943037528432,120,13
creating hazardou,5.92955254774658,116,6
erected exp,5.9343932133917745,114,8
manner time,5.941458429053539,146,3
activity unsafe,5.970147457782926,132,18
commissioner order,5.978933804280705,149,25
pedestrian protection,6.023012369853396,165,31
issued work,6.0370348727659575,119,10
mortar joint,6.0370348727659575,119,10
inspection sidewalk,6.064728961079452,120,10
meter room,6.084667512210985,128,5
corrected time,6.091383267920878,138,4
erected exposure,6.110942178494464,121,9
fence place,6.133571695507206,144,21
water heater,6.201987225941139,137,17
fire stopping,6.218605841049339,149,22
worker observed,6.226035897667689,176,33
correction filed,6.256850168865449,171,3
permitted height,6.376758114123046,157,4
upon review,6.387054024914238,133,11
indicate permit,6.405574319835054,184,3
correction accepted,6.468710740735195,150,5
failure certify,6.4800736368616345,139,7
missing mortar,6.483098577485791,137,8
floor level,6.511738951299151,224,49
cease use,6.520091590865786,286,75
failure submit,6.541458934096536,254,2
occupied building,6.611574909576033,143,8
observed violation,6.628673390232332,160,21
provide safety,6.643897542419069,154,18
provide adequate,6.64676621563164,143,10
shed per,6.65653452542032,162,5
access observed,6.673878032609119,146,8
parking regulation,6.686579304872005,164,5
observed sign,6.700574543069861,154,17
shed exposure,6.7836679804550295,149,10
summonse issued,6.794872979815122,152,8
gas line,6.840028341042284,152,12
rca corrected,6.900826991591188,303,2
record indicate,6.939701322739262,226,44
observed worker,7.0127915087862664,204,34
boiler violation,7.023203430613652,321,2
place exposure,7.026808136292275,163,15
observed action,7.043993206841537,254,54
activity sidewalk,7.062864561018918,162,10
boiler room,7.080881637219807,172,19
site observed,7.176375271886698,168,14
sign construction,7.231712070052213,186,23
door lock,7.2353705616002495,229,4
gas meter,7.2562597883469895,177,18
rca issued,7.2632758389660745,172,10
oath summon,7.35022058458094,436,127
residential district,7.561679895933015,187,16
roof level,7.6411163430670825,234,37
obtain permit,7.667513555958211,235,37
correction file,7.7141851416682305,435,2
exit door,7.729762669301264,194,12
permit comply,7.769876324272484,200,10
condition remain,7.8428769020865055,355,3
inspector badge,7.8880178074291365,218,8
occupancy contrary,7.92871033632207,238,34
submit certificate,8.04160533522291,281,5
failure obtain,8.106973309942092,221,10
unsafe condition,8.203028464114537,1868,810
story new,8.286175401470938,313,59
previously issued,8.395785670572328,229,14
failure file,8.53666184899089,239,13
per code,8.54818484900867,699,221
maintain sidewalk,8.721397237802279,254,12
failure correct,9.043262382536604,408,5
class condition,9.113446758429522,269,20
valid permit,9.25311798621787,647,182
shed erected,9.29543594768693,280,18
certify correction,9.344467421122323,372,7
front yard,9.43609670712176,451,95
summon issued,9.463354771376368,1146,406
failure provide,9.492261221950011,319,39
safety measure,9.665723635918313,369,57
maintain boiler,9.705704449332595,314,15
complaint time,10.145414837777306,351,38
observed exposure,10.205599015762466,368,13
ecb issued,10.51566013986885,389,14
observed unsafe,10.77523934583743,378,31
condition action,10.812457769141783,460,11
shed place,10.83354638987123,462,71
fire escape,10.907258320279126,566,112
work order,10.998919157327348,465,12
enforcement action,11.042498150245438,412,43
act failure,11.179668208687874,471,13
unlawful act,11.585377875905863,472,17
file certificate,11.610392609298467,436,30
cellar level,11.687717634635723,456,45
permit file,11.752581293235666,754,170
emergency work,11.849632142019539,492,18
commissioner' order,12.054394609867352,674,10
building observed,12.12811205191699,625,108
observed sidewalk,13.467044219197112,622,69
building code,13.500163114893125,826,155
inspection observed,15.114027152051007,3375,1257
compliant manner,15.605968337590594,787,54
code compliant,15.782708345316479,829,81
issued failure,15.803706264452472,819,44
story building,16.479952401937933,992,132
gained access,16.529570500966503,1095,174
inspection story,16.976437803260325,1134,27
failure comply,18.461145871174157,1101,73
maintain building,20.07433399899714,1302,98
certificate correction,23.383303891397144,2009,60
sidewalk shed,24.123388108754494,2674,514
violation issued,24.539155102336526,3185,705
failure maintain,32.03605985224099,3355,308
