inspector_badge,total_cases,violation_rate,mean_severity,mean_comment_length,n_categories,top_category,n_boroughs,primary_unit,loo_strictness,no_access_rate
0429,511,0.17025440313111545,0.4911937377690802,68.65949119373776,30,CONSTRUCTION IN PROGRESS : AFTER HOURS - NO SPECIAL PERMIT/VARIANCE,5,EMERGENCY RESPONSE TEAM,0.17025440313111545,0.06993006993006994
0437,261,0.2260536398467433,0.5134099616858238,62.32950191570881,28,CURB CUT/DRIVEWAY/CARPORT : ILLEGAL - EXISTING,5,BROOKLYN CONSTRUCTION ENFORCEMENT,0.2260536398467433,0.2760416666666667
0517,1165,0.1570815450643777,0.5090128755364807,103.07982832618026,36,CONSTRUCTION IN PROGRESS : AFTER HOURS - NO SPECIAL PERMIT/VARIANCE,5,EMERGENCY RESPONSE TEAM,0.1570815450643777,0.065738592420727
0723,478,0.16317991631799164,0.47280334728033474,99.9581589958159,28,CONSTRUCTION IN PROGRESS : AFTER HOURS - NO SPECIAL PERMIT/VARIANCE,5,EMERGENCY RESPONSE TEAM,0.16317991631799164,0.11545293072824156
0860,67,0.014925373134328358,0.08955223880597014,86.38805970149254,10,ENFORCEMENT WORK ORDER : INTER-AGENCY REFERRAL,4,BRONX CONSTRUCTION ENFORCEMENT,0.014925373134328358,0.0
1252,100,0.31,0.83,192.98,26,CURB CUT/DRIVEWAY/CARPORT : ILLEGAL - EXISTING,3,BROOKLYN CONSTRUCTION ENFORCEMENT,0.31,0.2517985611510791
1514,485,0.2329896907216495,0.465979381443299,19.270103092783504,7,ELEVATOR : NOT WORKING : SINGLE DEVICE ON PROPERTY/NO ALTERNATE SERVICE,3,ELEVATOR DIVISION,0.2329896907216495,0.004048582995951417
1751,1470,0.2108843537414966,0.3659863945578231,107.03061224489795,18,ELECTRICAL WIRING : DEFECTIVE - FAULTY,5,ELECTRICAL DIVISION,0.2108843537414966,0.38038038038038036
1780,425,0.28941176470588237,0.5741176470588235,61.59058823529412,15,BOILER : DEFECTIVE,4,BOILER DIVISION,0.28941176470588237,0.2
1795,507,0.009861932938856016,0.027613412228796843,95.30571992110454,29,CERTIFICATE OF OCCUPANCY : ILLEGAL/NONE,5,BROOKLYN CONSTRUCTION ENFORCEMENT,0.009861932938856016,0.00021128248468201986
1952,1168,0.6832191780821918,1.327054794520548,55.11215753424658,8,BOILER : DEFECTIVE,5,BOILER DIVISION,0.6832191780821918,0.22146507666098808
1961,48,0.041666666666666664,0.16666666666666666,88.10416666666667,14,TRACKING COMPLIANCE : AREA : LOW RISE,3,CONSTRUCTION SAFETY ENFORCMENT,0.041666666666666664,0.0
1987,137,0.021897810218978103,0.11678832116788321,54.394160583941606,11,ENFORCEMENT WORK ORDER : CORRESPONDENCE RESPONSE,1,QUEENS CONSTRUCTION ENFORCEMENT,0.021897810218978103,0.0
1998,322,0.18322981366459629,0.09627329192546584,113.21739130434783,29,ENFORCEMENT WORK ORDER : CORRESPONDENCE RESPONSE,3,BROOKLYN CONSTRUCTION ENFORCEMENT,0.18322981366459629,0.19285714285714287
2151,504,0.20634920634920634,0.48214285714285715,81.50396825396825,46,ENFORCEMENT WORK ORDER : CORRESPONDENCE RESPONSE,3,BROOKLYN CONSTRUCTION ENFORCEMENT,0.20634920634920634,0.41471571906354515
2217,244,0.6311475409836066,1.3114754098360655,56.82377049180328,8,Date,5,SPECIAL OPERATIONS,0.6311475409836066,0.4378947368421053
2218,87,0.05747126436781609,0.11494252873563218,35.98850574712644,5,ILLEGAL USE : RESIDENTIAL SPACE - USED AS HOTEL,4,SPECIAL OPERATIONS,0.05747126436781609,0.0
2227,141,0.04964539007092199,0.19858156028368795,95.18439716312056,20,NO BUILDING PERMIT : CONSTRUCTION,5,BUILDING MARSHAL'S OFFICE,0.04964539007092199,0.0
2270,199,0.12562814070351758,0.7336683417085427,108.38190954773869,7,Date,5,SPECIAL OPERATIONS,0.12562814070351758,0.0
2283,65,0.16923076923076924,0.676923076923077,55.261538461538464,17,DOB POSTED NOTICE OR ORDER : STOP WORK ORDER - NON-COMPLIANCE,5,EMERGENCY RESPONSE TEAM,0.16923076923076924,0.05454545454545454
2298,46,0.0,0.0,92.91304347826087,2,Date,5,PLUMBING DIVISION,0.0,0.0
2328,102,0.00980392156862745,0.058823529411764705,122.84313725490196,10,ENFORCEMENT WORK ORDER : CORRESPONDENCE RESPONSE,4,BROOKLYN CONSTRUCTION ENFORCEMENT,0.00980392156862745,0.0
2351,329,0.08206686930091185,0.0060790273556231,67.62917933130699,32,DOB POSTED NOTICE OR ORDER : STOP WORK ORDER - NON-COMPLIANCE,2,BROOKLYN CONSTRUCTION ENFORCEMENT,0.08206686930091185,0.3913793103448276
2352,83,0.0,0.0,58.68674698795181,5,DOB POSTED NOTICE OR ORDER : STOP WORK ORDER - NON-COMPLIANCE,3,QUEENS CONSTRUCTION ENFORCEMENT,0.0,0.0
2369,62,0.0,0.0,66.38709677419355,10,Date,5,CONSTRUCTION SAFETY ENFORCMENT,0.0,0.0
2384,77,0.05194805194805195,0.18181818181818182,171.67532467532467,5,WORK WITHOUT A PERMIT - OCCUPIED MULTIPLE DWELLING : CONSTRUCTION,5,REAL TIME ENFORCEMENT,0.05194805194805195,0.015706806282722512
2387,2254,0.29103815439219166,0.764418811002662,88.56388642413488,42,UNSTABLE BUILDING : SHAKING/VIBRATING - CONSTRUCTION,5,EMERGENCY RESPONSE TEAM,0.29103815439219166,0.13786831575118225
2408,42,0.8095238095238095,1.619047619047619,43.095238095238095,3,BOILER : DEFECTIVE,3,BOILER DIVISION,0.8095238095238095,0.1896551724137931
2418,995,0.1829145728643216,0.5658291457286432,84.35678391959799,36,CONSTRUCTION IN PROGRESS : AFTER HOURS - NO SPECIAL PERMIT/VARIANCE,5,EMERGENCY RESPONSE TEAM,0.1829145728643216,0.08833619210977701
2427,155,0.2709677419354839,0.8193548387096774,71.03870967741935,21,CONSTRUCTION IN PROGRESS : AFTER HOURS - NO SPECIAL PERMIT/VARIANCE,5,EMERGENCY RESPONSE TEAM,0.2709677419354839,0.10810810810810811
2438,233,0.22317596566523606,0.4592274678111588,72.2274678111588,11,Date,5,PLUMBING DIVISION,0.22317596566523606,0.16376306620209058
2512,54,0.018518518518518517,0.037037037037037035,60.74074074074074,19,NO BUILDING PERMIT : CONSTRUCTION,4,BUILDING MARSHAL'S OFFICE,0.018518518518518517,0.1282051282051282
2514,219,0.0,0.0,16.28767123287671,9,LIGHT FROM PARKING LOT : SHINING BRIGHTLY - INTO APARTMENT/BUILDING,5,EMERGENCY RESPONSE TEAM,0.0,0.0
2547,1869,0.8544676297485286,1.5922953451043338,16.59390048154093,5,ELEVATOR : NOT WORKING : SINGLE DEVICE ON PROPERTY/NO ALTERNATE SERVICE,5,ELEVATOR DIVISION,0.8544676297485286,0.028055159296243463
2552,75,0.02666666666666667,0.10666666666666667,89.64,12,ENFORCEMENT WORK ORDER : CORRESPONDENCE RESPONSE,5,BROOKLYN CONSTRUCTION ENFORCEMENT,0.02666666666666667,0.005154639175257732
2554,121,0.0,0.0,78.54545454545455,1,Date,5,PLUMBING DIVISION,0.0,0.0
2559,348,0.14367816091954022,0.2442528735632184,4.807471264367816,4,ELEVATOR : NOT WORKING : SINGLE DEVICE ON PROPERTY/NO ALTERNATE SERVICE,4,ELEVATOR DIVISION,0.14367816091954022,0.016483516483516484
2570,671,0.20417287630402384,0.4083457526080477,112.65871833084948,3,Date,5,QUALITY ASSURANCE UNIT,0.20417287630402384,0.0011933174224343676
2584,152,0.5592105263157895,1.0592105263157894,37.6578947368421,4,ELEVATOR : NOT WORKING : SINGLE DEVICE ON PROPERTY/NO ALTERNATE SERVICE,2,ELEVATOR DIVISION,0.5592105263157895,0.0
2591,443,0.35665914221218964,0.801354401805869,116.14898419864559,37,Date,5,SPECIAL OPERATIONS,0.35665914221218964,0.25559105431309903
2595,253,0.21739130434782608,0.6679841897233202,100.14229249011858,26,CONSTRUCTION IN PROGRESS : AFTER HOURS - NO SPECIAL PERMIT/VARIANCE,5,EMERGENCY RESPONSE TEAM,0.21739130434782608,0.046762589928057555
2610,310,0.24193548387096775,0.8,87.68709677419355,30,CONSTRUCTION IN PROGRESS : AFTER HOURS - NO SPECIAL PERMIT/VARIANCE,5,EMERGENCY RESPONSE TEAM,0.24193548387096775,0.13421052631578947
2613,39,0.05128205128205128,0.2564102564102564,54.41025641025641,7,DOB POSTED NOTICE OR ORDER : STOP WORK ORDER - NON-COMPLIANCE,2,BROOKLYN CONSTRUCTION ENFORCEMENT,0.05128205128205128,0.0
2617,348,0.3218390804597701,0.9568965517241379,130.88793103448276,44,CONSTRUCTION IN PROGRESS : AFTER HOURS - NO SPECIAL PERMIT/VARIANCE,5,EMERGENCY RESPONSE TEAM,0.3218390804597701,0.0872865275142315
2618,166,0.5240963855421686,0.9457831325301205,121.57831325301204,8,Date,4,ELECTRICAL DIVISION,0.5240963855421686,0.20220588235294118
2619,73,0.2876712328767123,0.9726027397260274,89.42465753424658,25,Date,5,CONSTRUCTION SAFETY ENFORCMENT,0.2876712328767123,0.0
2629,77,0.7142857142857143,1.3116883116883118,156.3116883116883,4,Date,2,ELECTRICAL DIVISION,0.7142857142857143,0.1553398058252427
2638,234,0.47435897435897434,0.9273504273504274,153.1239316239316,20,Date,5,ELECTRICAL DIVISION,0.47435897435897434,0.05982905982905983
2639,55,1.0,2.2181818181818183,94.85454545454546,3,CONSTRUCTION SAFETY COMPLIANCE ACTIONS : LOW RISE,5,CONSTRUCTION SAFETY COMPLIANCE,1.0,0.0
2646,156,0.05128205128205128,0.10897435897435898,94.00641025641026,23,INSPECTIONS : GENERAL CONTRACTOR : LOW RISE,5,CONSTRUCTION SAFETY ENFORCMENT,0.05128205128205128,0.012578616352201259
2647,1182,0.39678510998307953,1.095600676818951,148.78849407783417,31,NO BUILDING PERMIT : CONSTRUCTION,5,BUILDING MARSHAL'S OFFICE,0.39678510998307953,0.24516496018202502
2649,340,0.38235294117647056,0.7529411764705882,31.55294117647059,4,BOILER : DEFECTIVE,4,BOILER DIVISION,0.38235294117647056,0.39221556886227543
2650,1267,0.10023677979479084,0.27387529597474347,112.33464877663772,26,NO BUILDING PERMIT : CONSTRUCTION,5,BUILDING MARSHAL'S OFFICE,0.10023677979479084,0.2573816155988858
2656,982,0.06313645621181263,0.1690427698574338,108.94399185336049,15,WORK WITHOUT A PERMIT - OCCUPIED MULTIPLE DWELLING : CONSTRUCTION,5,REAL TIME ENFORCEMENT,0.06313645621181263,0.29497907949790797
2657,212,0.4481132075471698,0.5990566037735849,22.528301886792452,4,ELEVATOR : NOT WORKING : SINGLE DEVICE ON PROPERTY/NO ALTERNATE SERVICE,4,ELEVATOR DIVISION,0.4481132075471698,0.01818181818181818
2663,434,0.08986175115207373,0.17972350230414746,32.75345622119816,5,BOILER : DEFECTIVE,4,BOILER DIVISION,0.08986175115207373,0.3265602322206096
2664,166,0.21686746987951808,0.4939759036144578,76.93975903614458,23,Date,5,PLUMBING DIVISION,0.21686746987951808,0.24896265560165975
2665,53,0.24528301886792453,0.49056603773584906,120.81132075471699,4,PRIVATELY OWNED PUBLIC SPACE : CLOSED DURING OPEN HOURS,4,QUALITY ASSURANCE UNIT,0.24528301886792453,0.1568627450980392
2668,807,0.22428748451053285,0.6827757125154895,74.14745972738538,34,CONSTRUCTION IN PROGRESS : AFTER HOURS - NO SPECIAL PERMIT/VARIANCE,5,EMERGENCY RESPONSE TEAM,0.22428748451053285,0.07249466950959488
2669,215,0.023255813953488372,0.10232558139534884,92.03720930232558,17,ENFORCEMENT WORK ORDER : INTER-AGENCY REFERRAL,3,MANHATTAN CONSTRUCTION ENFORCEMENT,0.023255813953488372,0.014814814814814815
2675,1543,0.17368762151652625,0.6299416720674011,87.43745949449125,44,CONSTRUCTION IN PROGRESS : AFTER HOURS - NO SPECIAL PERMIT/VARIANCE,5,EMERGENCY RESPONSE TEAM,0.17368762151652625,0.08737316798196167
2678,1180,0.6,1.055084745762712,152.15762711864406,14,ELECTRICAL WIRING : DEFECTIVE - FAULTY,5,ELECTRICAL DIVISION,0.6,0.32300469483568073
2679,691,0.4240231548480463,1.162083936324168,74.32706222865413,21,Date,5,PLUMBING DIVISION,0.4240231548480463,0.5215089344804765
2680,1198,0.22036727879799667,0.5409015025041736,186.70200333889815,63,Date,3,BROOKLYN CONSTRUCTION ENFORCEMENT,0.22036727879799667,0.42766726943942135
2685,1389,0.1771058315334773,0.4197264218862491,123.04391648668107,59,ILLEGAL CONVERSION : RESIDENTIAL SPACE,4,BRONX CONSTRUCTION ENFORCEMENT,0.1771058315334773,0.28421052631578947
2687,508,0.47244094488188976,0.9035433070866141,17.019685039370078,5,ELEVATOR : NOT WORKING : SINGLE DEVICE ON PROPERTY/NO ALTERNATE SERVICE,5,ELEVATOR DIVISION,0.47244094488188976,0.005836575875486381
2689,212,0.08490566037735849,0.16981132075471697,13.745283018867925,4,ELEVATOR : NOT WORKING : SINGLE DEVICE ON PROPERTY/NO ALTERNATE SERVICE,1,ELEVATOR DIVISION,0.08490566037735849,0.004524886877828055
2695,924,0.18831168831168832,0.4318181818181818,91.89718614718615,20,Date,5,PLUMBING DIVISION,0.18831168831168832,0.3629242819843342
2701,670,0.3761194029850746,0.9731343283582089,141.84179104477613,51,LOCAL LAW AUDITS : TRACKING,4,BROOKLYN CONSTRUCTION ENFORCEMENT,0.3761194029850746,0.21933471933471935
2705,712,0.3300561797752809,0.6404494382022472,43.55337078651685,7,BOILER : DEFECTIVE,5,BOILER DIVISION,0.33005617977528084,0.20804710500490678
2707,39,0.20512820512820512,0.2564102564102564,233.07692307692307,7,CRANE : UNSAFE - NO FLAG PERSON ON SITE,3,CRANES & DERRICKS DIVISION,0.20512820512820512,0.0
2713,615,0.4211382113821138,0.808130081300813,14.06178861788618,5,ELEVATOR : NOT WORKING : SINGLE DEVICE ON PROPERTY/NO ALTERNATE SERVICE,2,ELEVATOR DIVISION,0.4211382113821138,0.0048
2714,369,0.12466124661246612,0.23306233062330622,22.26287262872629,6,ELEVATOR : NOT WORKING : SINGLE DEVICE ON PROPERTY/NO ALTERNATE SERVICE,4,ELEVATOR DIVISION,0.12466124661246612,0.028720626631853787
2720,92,0.13043478260869565,0.32608695652173914,71.75,13,Date,4,PLUMBING DIVISION,0.13043478260869565,0.5126903553299492
2723,1335,0.4689138576779026,1.402996254681648,147.06441947565543,38,CONSTRUCTION IN PROGRESS : AFTER HOURS - NO SPECIAL PERMIT/VARIANCE,5,EMERGENCY RESPONSE TEAM,0.4689138576779026,0.19659030367607885
2725,874,0.2311212814645309,0.5446224256292906,203.74027459954235,51,Date,2,MANHATTAN CONSTRUCTION ENFORCEMENT,0.2311212814645309,0.19635099913119028
2728,193,0.21761658031088082,0.5492227979274611,162.0259067357513,37,Date,1,STATEN ISLAND CONSTRUCTION ENFORCEMENT,0.21761658031088082,0.25
2730,52,0.15384615384615385,0.4423076923076923,93.32692307692308,2,Date,3,QUEENS CONSTRUCTION ENFORCEMENT,0.15384615384615385,0.0
2738,924,0.47835497835497837,0.8852813852813853,143.5995670995671,11,Date,5,ELECTRICAL DIVISION,0.47835497835497837,0.24304141208418195
2742,1771,0.15302089215132694,0.30095990965556185,15.222473178994917,5,ELEVATOR : NOT WORKING : SINGLE DEVICE ON PROPERTY/NO ALTERNATE SERVICE,4,ELEVATOR DIVISION,0.15302089215132694,0.008938547486033519
2745,1391,0.3055355859094177,0.6484543493889289,117.77354421279655,56,CURB CUT/DRIVEWAY/CARPORT : ILLEGAL - EXISTING,3,QUEENS CONSTRUCTION ENFORCEMENT,0.3055355859094177,0.42512562814070354
2746,395,0.1620253164556962,0.620253164556962,86.79493670886076,40,CONSTRUCTION IN PROGRESS : AFTER HOURS - NO SPECIAL PERMIT/VARIANCE,5,EMERGENCY RESPONSE TEAM,0.16202531645569618,0.12017167381974249
2748,1153,0.39722463139635733,0.9514310494362532,184.44058976582826,45,UNSTABLE BUILDING : SHAKING/VIBRATING - CONSTRUCTION,5,EMERGENCY RESPONSE TEAM,0.39722463139635733,0.10977337110481586
2749,1835,0.3138964577656676,0.9013623978201635,91.63378746594006,52,CONSTRUCTION IN PROGRESS : AFTER HOURS - NO SPECIAL PERMIT/VARIANCE,5,EMERGENCY RESPONSE TEAM,0.3138964577656676,0.1314596554850408
2752,1770,0.23785310734463277,0.48418079096045197,179.3779661016949,53,SCAFFOLD/SIDEWALK SHED : UNSAFE,4,CONSTRUCTION SAFETY ENFORCMENT,0.23785310734463277,0.0
2756,126,0.1349206349206349,0.48412698412698413,84.88095238095238,11,ENFORCEMENT WORK ORDER : CORRESPONDENCE RESPONSE,3,BROOKLYN CONSTRUCTION ENFORCEMENT,0.1349206349206349,0.0392156862745098
2759,796,0.30904522613065327,0.8065326633165829,165.61934673366835,58,LOCAL LAW AUDITS : TRACKING,4,BROOKLYN CONSTRUCTION ENFORCEMENT,0.30904522613065327,0.24732142857142858
2762,344,0.22093023255813954,0.438953488372093,63.299418604651166,7,BOILER : DEFECTIVE,3,BOILER DIVISION,0.22093023255813954,0.19934102141680396
2763,42,0.14285714285714285,0.2857142857142857,157.54761904761904,5,Date,3,CRANES & DERRICKS DIVISION,0.14285714285714285,0.0
2765,416,0.5576923076923077,0.9711538461538461,6.487980769230769,5,ELEVATOR : NOT WORKING : SINGLE DEVICE ON PROPERTY/NO ALTERNATE SERVICE,4,ELEVATOR DIVISION,0.5576923076923077,0.023094688221709007
2767,778,0.4370179948586118,0.8663239074550129,27.782776349614394,6,ELEVATOR : NOT WORKING : SINGLE DEVICE ON PROPERTY/NO ALTERNATE SERVICE,2,ELEVATOR DIVISION,0.4370179948586118,0.003778337531486146
2770,958,0.31524008350730687,0.9206680584551148,131.71920668058456,60,Date,5,EMERGENCY RESPONSE TEAM,0.31524008350730687,0.19943422913719944
2771,686,0.6545189504373178,1.338192419825073,113.96355685131195,19,Date,5,BUILDING MARSHAL'S OFFICE,0.6545189504373178,0.015558698727015558
2774,398,0.9798994974874372,2.108040201005025,184.56281407035175,5,CONSTRUCTION SAFETY COMPLIANCE ACTIONS : LOW RISE,5,CONSTRUCTION SAFETY COMPLIANCE,0.9798994974874372,0.0
2777,37,0.02702702702702703,0.05405405405405406,3.675675675675676,3,ELEVATOR : NOT WORKING : SINGLE DEVICE ON PROPERTY/NO ALTERNATE SERVICE,2,ELEVATOR DIVISION,0.02702702702702703,0.0
2786,334,1.0,3.092814371257485,42.032934131736525,6,Date,4,MANHATTAN CONSTRUCTION ENFORCEMENT,1.0,0.0
2787,1047,0.061127029608404965,0.11938872970391595,9.7774594078319,5,ELEVATOR : NOT WORKING : SINGLE DEVICE ON PROPERTY/NO ALTERNATE SERVICE,2,ELEVATOR DIVISION,0.061127029608404965,0.0
2790,1795,0.3002785515320334,0.48356545961002784,27.40557103064067,7,ELEVATOR : NOT WORKING : SINGLE DEVICE ON PROPERTY/NO ALTERNATE SERVICE,2,ELEVATOR DIVISION,0.3002785515320334,0.0005482456140350877
2791,2054,0.25121713729308665,0.7517039922103214,85.7555988315482,55,CONSTRUCTION IN PROGRESS : AFTER HOURS - NO SPECIAL PERMIT/VARIANCE,5,EMERGENCY RESPONSE TEAM,0.25121713729308665,0.11627906976744186
2797,970,0.2948453608247423,0.6195876288659794,330.87113402061857,59,TRACKING COMPLIANCE : AREA : LOW RISE,5,CONSTRUCTION SAFETY ENFORCMENT,0.2948453608247423,0.0
2799,105,0.047619047619047616,0.13333333333333333,73.91428571428571,15,CONSTRUCTION SAFETY COMPLIANCE ACTIONS : LOW RISE,5,CONSTRUCTION SAFETY ENFORCMENT,0.047619047619047616,0.0
2804,498,0.15261044176706828,0.4738955823293173,130.99799196787149,39,ENFORCEMENT WORK ORDER : CORRESPONDENCE RESPONSE,4,BROOKLYN CONSTRUCTION ENFORCEMENT,0.15261044176706828,0.2006172839506173
2805,211,0.5118483412322274,1.037914691943128,39.28436018957346,8,BOILER : DEFECTIVE,4,BOILER DIVISION,0.5118483412322274,0.25277777777777777
2815,1358,0.5832106038291606,1.2731958762886597,149.89101620029456,61,NO BUILDING PERMIT : CONSTRUCTION,5,SPECIAL OPERATIONS,0.5832106038291606,0.21348314606741572
2819,343,0.3469387755102041,0.6909620991253644,49.326530612244895,7,BOILER : DEFECTIVE,4,BOILER DIVISION,0.3469387755102041,0.27491408934707906
2835,67,0.04477611940298507,0.08955223880597014,19.432835820895523,1,SUSTAINABILITY ENFORCEMENT WORK ORDER : LL 85/09: NYC ENERGY CONSERVATION CODE,5,SUSTAINABILITY ENFORCEMENT,0.04477611940298507,0.11842105263157894
2839,167,0.0658682634730539,0.23952095808383234,63.38922155688623,21,Date,4,CONSTRUCTION SAFETY ENFORCMENT,0.0658682634730539,0.0
2841,46,0.021739130434782608,0.043478260869565216,60.97826086956522,4,ENFORCEMENT WORK ORDER : CORRESPONDENCE RESPONSE,2,QUEENS CONSTRUCTION ENFORCEMENT,0.021739130434782608,0.0
2846,41,0.2682926829268293,0.5853658536585366,174.390243902439,11,Date,4,CONSTRUCTION SAFETY ENFORCMENT,0.2682926829268293,0.0
2848,840,0.3464285714285714,0.8857142857142857,177.65714285714284,53,NO BUILDING PERMIT : CONSTRUCTION,4,SPECIAL OPERATIONS,0.3464285714285714,0.2795869737887212
2857,1383,0.22631959508315258,0.5234996384671005,136.42082429501085,60,ENFORCEMENT WORK ORDER : CORRESPONDENCE RESPONSE,3,BROOKLYN CONSTRUCTION ENFORCEMENT,0.22631959508315258,0.32256596906278434
2858,641,0.14508580343213728,0.3619344773790952,145.5990639625585,47,ILLEGAL CONVERSION : RESIDENTIAL SPACE,2,BRONX CONSTRUCTION ENFORCEMENT,0.14508580343213728,0.2597114317425083
2859,46,0.1956521739130435,0.30434782608695654,59.67391304347826,15,ENFORCEMENT WORK ORDER : CORRESPONDENCE RESPONSE,2,QUEENS CONSTRUCTION ENFORCEMENT,0.1956521739130435,0.4146341463414634
2861,615,0.6764227642276422,1.3756097560975609,74.96260162601627,15,Date,5,BUILDING MARSHAL'S OFFICE,0.6764227642276422,0.0
2864,59,0.847457627118644,2.8135593220338984,79.05084745762711,6,Date,4,BRONX CONSTRUCTION ENFORCEMENT,0.847457627118644,0.0
2868,1249,0.3450760608486789,0.855084067253803,176.82305844675741,34,WORK WITHOUT PERMITS WATCH LIST COMPLIANCE : WATCH LIST COMPLIANCE INSPECTION,5,BUILDING MARSHAL'S OFFICE,0.3450760608486789,0.07391613361762615
2870,42,0.14285714285714285,0.2857142857142857,62.04761904761905,13,CONSTRUCTION IN PROGRESS : AFTER HOURS - NO SPECIAL PERMIT/VARIANCE,5,EMERGENCY RESPONSE TEAM,0.14285714285714285,0.06382978723404255
2871,754,0.29708222811671087,0.7161803713527851,145.14323607427056,28,NO BUILDING PERMIT : CONSTRUCTION,3,SPECIAL OPERATIONS,0.29708222811671087,0.26146788990825687
2874,163,0.2147239263803681,0.7484662576687117,79.31901840490798,5,Date,5,BROOKLYN CONSTRUCTION ENFORCEMENT,0.2147239263803681,0.0
2879,31,0.16129032258064516,0.3870967741935484,105.58064516129032,11,CONSTRUCTION IN PROGRESS : AFTER HOURS - NO SPECIAL PERMIT/VARIANCE,5,EMERGENCY RESPONSE TEAM,0.16129032258064516,0.029411764705882353
2880,1237,0.5739692805173807,1.1705739692805175,146.77445432497979,49,ENFORCEMENT WORK ORDER : INTER-AGENCY REFERRAL,5,EXECUTIVE INSPECTIONS,0.5739692805173807,0.3303850156087409
2883,846,0.32505910165484636,0.6808510638297872,126.048463356974,51,NO BUILDING PERMIT : CONSTRUCTION,4,SPECIAL OPERATIONS,0.32505910165484636,0.17702448210922786
2885,1710,0.28362573099415206,0.664327485380117,135.87602339181288,51,ILLEGAL CONVERSION : RESIDENTIAL SPACE,4,BRONX CONSTRUCTION ENFORCEMENT,0.28362573099415206,0.2798369162342476
2888,340,0.6088235294117647,1.8235294117647058,68.32941176470588,8,Date,5,SPECIAL OPERATIONS,0.6088235294117647,0.3622704507512521
2889,526,0.21482889733840305,0.4467680608365019,168.81558935361215,23,NO BUILDING PERMIT : CONSTRUCTION,4,SPECIAL OPERATIONS,0.21482889733840305,0.2187902187902188
2903,276,0.43478260869565216,1.2028985507246377,58.23913043478261,10,ILLEGAL USE : RESIDENTIAL SPACE - USED AS HOTEL,5,SPECIAL OPERATIONS,0.43478260869565216,0.47480916030534354
2904,223,0.21524663677130046,0.7040358744394619,85.96860986547085,25,CONSTRUCTION IN PROGRESS : AFTER HOURS - NO SPECIAL PERMIT/VARIANCE,5,EMERGENCY RESPONSE TEAM,0.21524663677130046,0.09090909090909091
2905,31,0.0,0.0,96.09677419354838,9,WORK WITHOUT A PERMIT - OCCUPIED MULTIPLE DWELLING : CONSTRUCTION,4,REAL TIME ENFORCEMENT,0.0,0.06741573033707865
2908,879,0.2764505119453925,0.7781569965870307,142.1763367463026,52,ILLEGAL CONVERSION : RESIDENTIAL SPACE,4,BRONX CONSTRUCTION ENFORCEMENT,0.2764505119453925,0.4915514592933948
2911,1024,0.3525390625,0.6943359375,152.228515625,52,Date,1,QUEENS CONSTRUCTION ENFORCEMENT,0.3525390625,0.36207820032137117
2914,43,0.5348837209302325,1.2325581395348837,213.0,8,Date,4,CONSTRUCTION SAFETY ENFORCMENT,0.5348837209302325,0.0
2915,246,0.17073170731707318,0.34146341463414637,61.016260162601625,17,TENANT SAFETY INSPECTION : 72 HR NOTICE COMPLIANCE INSPECTION,4,BUILDING MARSHAL'S OFFICE,0.17073170731707318,0.01593625498007968
2917,52,0.17307692307692307,0.38461538461538464,189.55769230769232,7,Date,5,CRANES & DERRICKS DIVISION,0.17307692307692307,0.0
2918,128,0.15625,0.3671875,69.8828125,22,CONSTRUCTION IN PROGRESS : AFTER HOURS - NO SPECIAL PERMIT/VARIANCE,5,EMERGENCY RESPONSE TEAM,0.15625,0.12162162162162163
2923,77,0.06493506493506493,0.24675324675324675,91.44155844155844,13,DOB POSTED NOTICE OR ORDER : STOP WORK ORDER - NON-COMPLIANCE,4,MANHATTAN CONSTRUCTION ENFORCEMENT,0.06493506493506493,0.03636363636363636
2924,1471,0.3086335825968729,0.9877634262406526,110.49626104690687,50,ILLEGAL CONVERSION : RESIDENTIAL SPACE,4,BRONX CONSTRUCTION ENFORCEMENT,0.3086335825968729,0.17816683831101957
2927,228,0.4956140350877193,1.1228070175438596,130.9561403508772,25,ENFORCEMENT WORK ORDER : INTER-AGENCY REFERRAL,2,EXECUTIVE INSPECTIONS,0.4956140350877193,0.12773722627737227
2940,71,0.07042253521126761,0.19718309859154928,119.02816901408451,7,NO BUILDING PERMIT : CONSTRUCTION,2,SPECIAL OPERATIONS,0.07042253521126761,0.16216216216216217
2948,513,0.30994152046783624,0.6081871345029239,70.8849902534113,10,BOILER : DEFECTIVE,5,BOILER DIVISION,0.30994152046783624,0.1947019867549669
2957,1066,0.3198874296435272,0.6969981238273921,157.14540337711068,28,Date,5,BUILDING MARSHAL'S OFFICE,0.3198874296435272,0.14003164556962025
2959,375,0.17866666666666667,0.4533333333333333,106.57066666666667,44,Date,2,BROOKLYN CONSTRUCTION ENFORCEMENT,0.17866666666666667,0.43191800878477304
2964,244,0.1721311475409836,0.4344262295081967,92.2172131147541,34,ENFORCEMENT WORK ORDER : CORRESPONDENCE RESPONSE,1,QUEENS CONSTRUCTION ENFORCEMENT,0.1721311475409836,0.2928759894459103
2965,401,0.9975062344139651,3.1271820448877805,31.159600997506235,4,Date,4,MANHATTAN CONSTRUCTION ENFORCEMENT,0.9975062344139651,0.0
2967,194,0.005154639175257732,0.030927835051546393,76.18556701030928,12,ENFORCEMENT WORK ORDER : CORRESPONDENCE RESPONSE,2,BROOKLYN CONSTRUCTION ENFORCEMENT,0.005154639175257732,0.004524886877828055
2974,339,0.5486725663716814,1.1091445427728615,23.958702064896755,5,ELEVATOR : NOT WORKING : SINGLE DEVICE ON PROPERTY/NO ALTERNATE SERVICE,4,ELEVATOR DIVISION,0.5486725663716814,0.003769520732364028
2978,63,0.873015873015873,1.8412698412698412,169.66666666666666,6,CONSTRUCTION SAFETY COMPLIANCE ACTIONS : LOW RISE,5,CONSTRUCTION SAFETY COMPLIANCE,0.873015873015873,0.0
2980,224,0.08482142857142858,0.44642857142857145,101.0,23,DOB POSTED NOTICE OR ORDER : STOP WORK ORDER - NON-COMPLIANCE,5,EMERGENCY RESPONSE TEAM,0.08482142857142858,0.0
2987,72,1.0,2.0,188.23611111111111,4,CONSTRUCTION SAFETY COMPLIANCE ACTIONS : LOW RISE,4,CONSTRUCTION SAFETY COMPLIANCE,1.0,0.0
2988,786,0.2837150127226463,0.573791348600509,189.5559796437659,44,SCAFFOLD/SIDEWALK SHED : NO PERMIT/CERTIFICATE,4,CONSTRUCTION SAFETY ENFORCMENT,0.2837150127226463,0.0
2989,700,0.21714285714285714,0.4357142857142857,228.05142857142857,48,SCAFFOLD/SIDEWALK SHED : UNSAFE,3,CONSTRUCTION SAFETY ENFORCMENT,0.21714285714285714,0.0
2991,106,0.07547169811320754,0.18867924528301888,102.33962264150944,16,UNLICENSED/ILLEGAL/IMPROPER WORK IN PROGRESS : ELECTRICAL,5,BUILDING MARSHAL'S OFFICE,0.07547169811320754,0.0962962962962963
2994,1015,0.09556650246305419,0.2334975369458128,92.72315270935961,24,LOCAL LAW 188/17 COMPLIANCE INSPECTIONS - ACTIVE JOBS : INITIAL,4,REAL TIME ENFORCEMENT,0.09556650246305419,0.4341963322545847
2995,1488,0.260752688172043,0.5456989247311828,220.19422043010752,62,Date,4,CONSTRUCTION SAFETY ENFORCMENT,0.260752688172043,0.0
2997,643,0.2737169517884914,0.9393468118195957,91.10886469673406,35,CONSTRUCTION IN PROGRESS : AFTER HOURS - NO SPECIAL PERMIT/VARIANCE,5,EMERGENCY RESPONSE TEAM,0.2737169517884914,0.06910039113428944
2998,590,0.1016949152542373,0.27627118644067794,147.1813559322034,10,WORK WITHOUT A PERMIT - OCCUPIED MULTIPLE DWELLING : CONSTRUCTION,3,REAL TIME ENFORCEMENT,0.1016949152542373,0.25211097708082025
2999,603,0.23880597014925373,0.6699834162520729,102.49419568822555,50,ENFORCEMENT WORK ORDER : CORRESPONDENCE RESPONSE,1,BROOKLYN CONSTRUCTION ENFORCEMENT,0.23880597014925373,0.5015923566878981
3040,102,0.11764705882352941,0.27450980392156865,131.2450980392157,23,Date,5,CONSTRUCTION SAFETY ENFORCMENT,0.11764705882352941,0.0
3042,232,0.38362068965517243,0.9267241379310345,56.008620689655174,5,ILLEGAL USE : RESIDENTIAL SPACE - USED AS HOTEL,5,SPECIAL OPERATIONS,0.38362068965517243,0.5843023255813954
3047,73,0.9726027397260274,1.9863013698630136,192.65753424657535,4,CONSTRUCTION SAFETY COMPLIANCE ACTIONS : LOW RISE,4,CONSTRUCTION SAFETY COMPLIANCE,0.9726027397260274,0.0
3050,143,0.993006993006993,2.1468531468531467,261.86713286713285,4,CONSTRUCTION SAFETY COMPLIANCE ACTIONS : LOW RISE,4,CONSTRUCTION SAFETY COMPLIANCE,0.993006993006993,0.0
3055,143,0.972027972027972,1.951048951048951,93.13986013986013,4,CONSTRUCTION SAFETY COMPLIANCE ACTIONS : LOW RISE,4,CONSTRUCTION SAFETY COMPLIANCE,0.972027972027972,0.0
3057,413,0.513317191283293,1.5205811138014529,62.41888619854721,6,ILLEGAL USE : RESIDENTIAL SPACE - USED AS HOTEL,5,SPECIAL OPERATIONS,0.513317191283293,0.4496969696969697
3058,53,0.018867924528301886,0.07547169811320754,64.0754716981132,16,Date,4,CONSTRUCTION SAFETY ENFORCMENT,0.018867924528301886,0.0
3063,519,0.04816955684007707,0.11175337186897881,105.34296724470134,9,WORK WITHOUT A PERMIT - OCCUPIED MULTIPLE DWELLING : CONSTRUCTION,4,REAL TIME ENFORCEMENT,0.04816955684007707,0.15863141524105753
3071,885,0.1536723163841808,0.3367231638418079,99.37062146892656,49,INSPECTIONS : AREA : LOW RISE,5,CONSTRUCTION SAFETY ENFORCMENT,0.1536723163841808,0.0
3073,994,0.0,0.0,64.75653923541248,48,CONSTRUCTION SAFETY COMPLIANCE ACTIONS : MAJOR BUILDING,4,CONSTRUCTION SAFETY COMPLIANCE,0.0,0.0
3074,851,0.11515863689776733,0.2878965922444183,104.03760282021152,14,WORK WITHOUT A PERMIT - OCCUPIED MULTIPLE DWELLING : CONSTRUCTION,4,REAL TIME ENFORCEMENT,0.11515863689776733,0.13267326732673268
3077,38,0.9736842105263158,2.0,289.8157894736842,3,CONSTRUCTION SAFETY COMPLIANCE ACTIONS : MAJOR BUILDING,2,CONSTRUCTION SAFETY COMPLIANCE,0.9736842105263158,0.0
3080,995,0.15979899497487438,0.36180904522613067,114.90150753768845,51,INSPECTIONS : AREA : LOW RISE,5,CONSTRUCTION SAFETY ENFORCMENT,0.15979899497487438,0.0009950248756218905
3083,1305,0.23218390804597702,0.49118773946360156,137.69578544061304,59,TRACKING COMPLIANCE : AREA : LOW RISE,4,CONSTRUCTION SAFETY ENFORCMENT,0.23218390804597702,0.0
3084,191,1.0,2.0418848167539267,85.86910994764398,4,CONSTRUCTION SAFETY COMPLIANCE ACTIONS : MAJOR BUILDING,3,CONSTRUCTION SAFETY COMPLIANCE,1.0,0.0
3085,241,1.0,2.066390041493776,170.253112033195,4,CONSTRUCTION SAFETY COMPLIANCE ACTIONS : LOW RISE,4,CONSTRUCTION SAFETY COMPLIANCE,1.0,0.0
3086,1546,0.06532988357050452,0.1384217335058215,129.3040103492885,63,INSPECTIONS : GENERAL CONTRACTOR : LOW RISE,4,CONSTRUCTION SAFETY ENFORCMENT,0.06532988357050452,0.0018975332068311196
3087,604,0.5248344370860927,1.0480132450331126,57.09437086092715,8,BOILER : DEFECTIVE,4,BOILER DIVISION,0.5248344370860927,0.10843373493975904
3090,795,0.22641509433962265,0.5660377358490566,203.30817610062894,34,TENANT SAFETY INSPECTION : 72 HR NOTICE COMPLIANCE INSPECTION,5,BUILDING MARSHAL'S OFFICE,0.22641509433962265,0.0781414994720169
3091,85,0.32941176470588235,0.7058823529411765,146.61176470588236,11,Date,5,SPECIAL OPERATIONS,0.32941176470588235,0.16326530612244897
3092,44,0.022727272727272728,0.045454545454545456,137.29545454545453,5,ELECTRICAL WIRING : DEFECTIVE - FAULTY,2,ELECTRICAL DIVISION,0.022727272727272728,0.3888888888888889
3099,1080,0.1175925925925926,0.28703703703703703,130.1861111111111,21,WORK WITHOUT A PERMIT - OCCUPIED MULTIPLE DWELLING : CONSTRUCTION,4,REAL TIME ENFORCEMENT,0.1175925925925926,0.2707395498392283
3109,1755,0.31339031339031337,0.9344729344729344,121.96011396011396,42,UNSTABLE BUILDING : SHAKING/VIBRATING - CONSTRUCTION,5,EMERGENCY RESPONSE TEAM,0.31339031339031337,0.1623290692545214
3116,80,0.975,1.95,247.475,4,CONSTRUCTION SAFETY COMPLIANCE ACTIONS : LOW RISE,3,CONSTRUCTION SAFETY COMPLIANCE,0.975,0.0
3120,1282,0.22386895475819032,0.5803432137285491,168.4204368174727,59,Date,4,MANHATTAN CONSTRUCTION ENFORCEMENT,0.22386895475819032,0.18778280542986425
3123,969,0.40144478844169246,1.3436532507739938,209.0763673890609,47,ENFORCEMENT WORK ORDER : CORRESPONDENCE RESPONSE,2,BROOKLYN CONSTRUCTION ENFORCEMENT,0.40144478844169246,0.2990956072351421
3125,730,0.18356164383561643,0.47534246575342465,162.63698630136986,28,WORK WITHOUT A PERMIT - OCCUPIED MULTIPLE DWELLING : CONSTRUCTION,4,REAL TIME ENFORCEMENT,0.18356164383561643,0.4788909892879647
3130,1101,0.26248864668483196,0.6094459582198002,164.78474114441417,57,ILLEGAL CONVERSION : RESIDENTIAL SPACE,4,MANHATTAN CONSTRUCTION ENFORCEMENT,0.26248864668483196,0.45403111739745405
3132,34,0.08823529411764706,0.17647058823529413,224.52941176470588,15,Date,2,CONSTRUCTION SAFETY ENFORCMENT,0.08823529411764706,0.0
3133,88,0.18181818181818182,0.4090909090909091,94.57954545454545,17,Date,5,CONSTRUCTION SAFETY ENFORCMENT,0.18181818181818182,0.0
3134,286,0.48951048951048953,0.958041958041958,15.153846153846153,4,ELEVATOR : NOT WORKING : SINGLE DEVICE ON PROPERTY/NO ALTERNATE SERVICE,4,ELEVATOR DIVISION,0.48951048951048953,0.016891891891891893
3135,1378,0.0899854862119013,0.19448476052249636,79.177793904209,24,TENANT SAFETY INSPECTION : 72 HR NOTICE COMPLIANCE INSPECTION,4,BUILDING MARSHAL'S OFFICE,0.0899854862119013,0.041695146958304855
3138,1151,0.3310165073848827,0.9070373588184187,175.2015638575152,68,ENFORCEMENT WORK ORDER : CORRESPONDENCE RESPONSE,3,BROOKLYN CONSTRUCTION ENFORCEMENT,0.3310165073848827,0.23744575325480471
3140,69,0.057971014492753624,0.17391304347826086,89.30434782608695,9,LOCAL LAW 188/17 COMPLIANCE INSPECTIONS - ACTIVE JOBS : INITIAL,4,REAL TIME ENFORCEMENT,0.057971014492753624,0.23076923076923078
3149,1790,0.19553072625698323,0.4022346368715084,206.62290502793297,62,Date,4,CONSTRUCTION SAFETY ENFORCMENT,0.19553072625698323,0.0
3151,885,0.2271186440677966,0.7480225988700565,119.13107344632769,31,CONSTRUCTION IN PROGRESS : AFTER HOURS - NO SPECIAL PERMIT/VARIANCE,5,EMERGENCY RESPONSE TEAM,0.2271186440677966,0.08882521489971347
3152,815,0.23067484662576687,0.5901840490797546,95.21349693251534,11,WORK WITHOUT A PERMIT - OCCUPIED MULTIPLE DWELLING : CONSTRUCTION,5,REAL TIME ENFORCEMENT,0.23067484662576687,0.09404388714733543
3156,969,0.6470588235294118,1.3405572755417956,243.3890608875129,54,ENFORCEMENT WORK ORDER : INTER-AGENCY REFERRAL,5,EXECUTIVE INSPECTIONS,0.6470588235294118,0.5301149425287356
3158,235,0.30638297872340425,0.676595744680851,111.28510638297873,21,WORK WITHOUT A PERMIT - OCCUPIED MULTIPLE DWELLING : CONSTRUCTION,5,REAL TIME ENFORCEMENT,0.30638297872340425,0.27377049180327867
3159,1289,0.17067494181536075,0.38013964313421256,94.32195500387897,52,TRACKING COMPLIANCE : AREA : LOW RISE,4,CONSTRUCTION SAFETY ENFORCMENT,0.17067494181536075,0.0
3162,217,0.41935483870967744,1.0138248847926268,152.21198156682027,11,WORK WITHOUT A PERMIT - OCCUPIED MULTIPLE DWELLING : CONSTRUCTION,5,REAL TIME ENFORCEMENT,0.41935483870967744,0.3305084745762712
3167,656,0.33689024390243905,0.8689024390243902,147.95884146341464,54,CONSTRUCTION IN PROGRESS : AFTER HOURS - NO SPECIAL PERMIT/VARIANCE,5,EMERGENCY RESPONSE TEAM,0.33689024390243905,0.20253164556962025
3169,660,0.29545454545454547,0.6636363636363637,130.1818181818182,50,Date,4,MANHATTAN CONSTRUCTION ENFORCEMENT,0.29545454545454547,0.21980413492927095
3172,1017,0.31268436578171094,0.8102261553588987,127.43952802359883,54,Date,4,BROOKLYN CONSTRUCTION ENFORCEMENT,0.31268436578171094,0.37269772481040087
3181,126,0.9920634920634921,2.015873015873016,131.26984126984127,3,CONSTRUCTION SAFETY COMPLIANCE ACTIONS : MAJOR BUILDING,3,CONSTRUCTION SAFETY COMPLIANCE,0.9920634920634921,0.0
3185,336,0.32142857142857145,0.6309523809523809,49.67261904761905,7,BOILER : DEFECTIVE,4,BOILER DIVISION,0.32142857142857145,0.3742138364779874
3188,1199,0.29608006672226855,0.6613844870725605,233.9049207673061,51,Date,3,CONSTRUCTION SAFETY ENFORCMENT,0.29608006672226855,0.0
3189,1029,0.36443148688046645,0.6909620991253644,141.15257531584064,49,ILLEGAL CONVERSION : RESIDENTIAL SPACE,1,QUEENS CONSTRUCTION ENFORCEMENT,0.36443148688046645,0.6011542160949022
3200,39,0.05128205128205128,0.1794871794871795,95.3076923076923,7,LOCAL LAW 188/17 COMPLIANCE INSPECTIONS - ACTIVE JOBS : INITIAL,3,REAL TIME ENFORCEMENT,0.05128205128205128,0.07142857142857142
3201,903,0.2768549280177187,0.5725359911406424,179.46622369878185,43,SCAFFOLD/SIDEWALK SHED : UNSAFE,3,CONSTRUCTION SAFETY ENFORCMENT,0.2768549280177187,0.0
3203,754,0.33156498673740054,0.6551724137931034,2.684350132625995,5,ELEVATOR : NOT WORKING : SINGLE DEVICE ON PROPERTY/NO ALTERNATE SERVICE,4,ELEVATOR DIVISION,0.33156498673740054,0.0
3204,275,0.025454545454545455,0.05090909090909091,42.876363636363635,11,WORK WITHOUT PERMITS WATCH LIST COMPLIANCE : WATCH LIST COMPLIANCE INSPECTION,5,BUILDING MARSHAL'S OFFICE,0.025454545454545455,0.12420382165605096
3207,245,0.9918367346938776,2.1714285714285713,63.8,5,CONSTRUCTION SAFETY COMPLIANCE ACTIONS : LOW RISE,4,CONSTRUCTION SAFETY COMPLIANCE,0.9918367346938776,0.0
3217,169,0.23668639053254437,0.5266272189349113,168.65680473372782,34,Date,2,STATEN ISLAND CONSTRUCTION ENFORCEMENT,0.23668639053254437,0.1076388888888889
3220,30,0.26666666666666666,0.5666666666666667,99.56666666666666,15,ENFORCEMENT WORK ORDER : CORRESPONDENCE RESPONSE,1,QUEENS CONSTRUCTION ENFORCEMENT,0.26666666666666666,0.10256410256410256
3221,721,0.4368932038834951,0.9153952843273232,183.875173370319,58,Date,3,QUEENS CONSTRUCTION ENFORCEMENT,0.4368932038834951,0.3223684210526316
3222,1540,0.40844155844155844,0.938961038961039,155.9090909090909,60,Date,4,QUEENS CONSTRUCTION ENFORCEMENT,0.40844155844155844,0.3814280429152793
3225,2291,0.2221737232649498,0.5342645133129638,81.32518550851157,38,TENANT SAFETY INSPECTION : 72 HR NOTICE COMPLIANCE INSPECTION,5,BUILDING MARSHAL'S OFFICE,0.2221737232649498,0.08821263482280431
3226,663,0.6199095022624435,1.3197586726998491,252.46907993966818,47,ENFORCEMENT WORK ORDER : INTER-AGENCY REFERRAL,2,EXECUTIVE INSPECTIONS,0.6199095022624435,0.4889679715302491
3230,1187,0.17101937657961247,0.4793597304128054,166.61499578770008,58,ENFORCEMENT WORK ORDER : CORRESPONDENCE RESPONSE,3,BROOKLYN CONSTRUCTION ENFORCEMENT,0.17101937657961247,0.29110981987216733
3235,911,0.2689352360043908,0.566410537870472,135.36882546652032,60,Date,4,CONSTRUCTION SAFETY ENFORCMENT,0.2689352360043908,0.0010438413361169101
3236,80,0.225,0.7125,168.5625,21,WORK WITHOUT A PERMIT - OCCUPIED MULTIPLE DWELLING : CONSTRUCTION,4,REAL TIME ENFORCEMENT,0.225,0.13350785340314136
3250,46,0.32608695652173914,0.717391304347826,231.2173913043478,16,Date,5,CONSTRUCTION SAFETY ENFORCMENT,0.32608695652173914,0.0
3252,96,0.1875,0.5729166666666666,109.8125,25,ENFORCEMENT WORK ORDER : CORRESPONDENCE RESPONSE,5,BROOKLYN CONSTRUCTION ENFORCEMENT,0.1875,0.07947019867549669
3255,1397,0.3829634931997137,0.8639942734430923,123.48460987831066,53,ENFORCEMENT WORK ORDER : CORRESPONDENCE RESPONSE,2,QUEENS CONSTRUCTION ENFORCEMENT,0.3829634931997137,0.3271744028841821
3260,836,0.11483253588516747,0.27751196172248804,121.00478468899522,14,WORK WITHOUT A PERMIT - OCCUPIED MULTIPLE DWELLING : CONSTRUCTION,5,REAL TIME ENFORCEMENT,0.11483253588516747,0.09261186264308012
3261,172,0.877906976744186,1.7790697674418605,173.41860465116278,4,Date,4,SPECIAL OPERATIONS,0.877906976744186,0.0
3265,79,0.21518987341772153,0.45569620253164556,161.91139240506328,14,TRACKING COMPLIANCE : AREA : LOW RISE,5,CONSTRUCTION SAFETY ENFORCMENT,0.21518987341772153,0.0
3267,200,0.55,1.1,41.33,8,BOILER : DEFECTIVE,4,BOILER DIVISION,0.55,0.09745762711864407
3273,1344,0.2976190476190476,0.8132440476190477,211.66964285714286,58,Date,2,BROOKLYN CONSTRUCTION ENFORCEMENT,0.2976190476190476,0.2921686746987952
3281,880,0.7102272727272727,1.4693181818181817,99.09545454545454,15,Date,4,SPECIAL OPERATIONS,0.7102272727272727,0.04890738813735692
3284,223,0.17937219730941703,0.3811659192825112,101.47533632286995,20,INSPECTIONS : GENERAL CONTRACTOR : LOW RISE,5,CONSTRUCTION SAFETY ENFORCMENT,0.17937219730941703,0.0043859649122807015
3285,2008,0.2963147410358566,0.5278884462151394,118.23406374501992,51,CURB CUT/DRIVEWAY/CARPORT : ILLEGAL - EXISTING,3,QUEENS CONSTRUCTION ENFORCEMENT,0.2963147410358566,0.3971823354104579
3288,82,0.47560975609756095,0.975609756097561,222.9512195121951,18,Date,4,CONSTRUCTION SAFETY ENFORCMENT,0.47560975609756095,0.0
3291,1263,0.16468725257323832,0.3665874901029295,71.16785431512272,52,INSPECTIONS : GENERAL CONTRACTOR : LOW RISE,5,CONSTRUCTION SAFETY ENFORCMENT,0.16468725257323832,0.003105590062111801
3292,883,0.2536806342015855,0.5447338618346546,98.99886749716875,47,ENFORCEMENT WORK ORDER : CORRESPONDENCE RESPONSE,1,QUEENS CONSTRUCTION ENFORCEMENT,0.2536806342015855,0.41572364502680165
3309,320,0.19375,0.41875,51.634375,15,SUSTAINABILITY ENFORCEMENT WORK ORDER : LL 85/09: NYC ENERGY CONSERVATION CODE,5,SUSTAINABILITY ENFORCEMENT,0.19375,0.2907488986784141
3313,42,0.9047619047619048,1.9047619047619047,213.5952380952381,5,CONSTRUCTION SAFETY COMPLIANCE ACTIONS : LOW RISE,5,CONSTRUCTION SAFETY COMPLIANCE,0.9047619047619048,0.0
3322,77,0.16883116883116883,0.5974025974025974,96.8051948051948,13,ENFORCEMENT WORK ORDER : CORRESPONDENCE RESPONSE,1,QUEENS CONSTRUCTION ENFORCEMENT,0.16883116883116883,0.4857142857142857
3323,1195,0.5849372384937238,1.3205020920502093,70.78744769874477,33,Date,5,PLUMBING DIVISION,0.5849372384937238,0.24757869249394673
3324,1799,0.09727626459143969,0.2056698165647582,116.36464702612562,58,TRACKING COMPLIANCE : AREA : LOW RISE,5,CONSTRUCTION SAFETY ENFORCMENT,0.09727626459143969,0.0
3331,1237,0.16491511721907842,0.34761519805982216,214.40662894098625,62,Date,4,CONSTRUCTION SAFETY ENFORCMENT,0.16491511721907842,0.0
3332,224,1.0,2.2723214285714284,157.30803571428572,4,CONSTRUCTION SAFETY COMPLIANCE ACTIONS : LOW RISE,5,CONSTRUCTION SAFETY COMPLIANCE,1.0,0.0
3336,124,1.0,2.1129032258064515,101.96774193548387,3,CONSTRUCTION SAFETY COMPLIANCE ACTIONS : LOW RISE,4,CONSTRUCTION SAFETY COMPLIANCE,1.0,0.0
3339,1326,0.1975867269984917,0.40648567119155354,228.5950226244344,56,SCAFFOLD/SIDEWALK SHED : UNSAFE,4,CONSTRUCTION SAFETY ENFORCMENT,0.1975867269984917,0.0
3341,130,1.0,2.0307692307692307,161.3230769230769,4,CONSTRUCTION SAFETY COMPLIANCE ACTIONS : LOW RISE,4,CONSTRUCTION SAFETY COMPLIANCE,1.0,0.0
3343,336,0.22023809523809523,0.45535714285714285,71.16071428571429,30,TRACKING COMPLIANCE : AREA : LOW RISE,5,CONSTRUCTION SAFETY ENFORCMENT,0.22023809523809523,0.0
3344,33,0.9393939393939394,3.9393939393939394,79.93939393939394,3,Date,5,BRONX CONSTRUCTION ENFORCEMENT,0.9393939393939394,0.0
3355,491,0.2525458248472505,0.5010183299389002,51.09775967413442,7,BOILER : DEFECTIVE,5,BOILER DIVISION,0.2525458248472505,0.2921083627797409
3356,1351,0.22871946706143598,0.698741672834937,119.13767579570688,59,TRACKING COMPLIANCE : AREA : LOW RISE,5,CONSTRUCTION SAFETY ENFORCMENT,0.22871946706143598,0.05537459283387622
3374,76,0.2236842105263158,0.5526315789473685,245.3421052631579,7,Date,4,CRANES & DERRICKS DIVISION,0.2236842105263158,0.0
3375,255,0.5647058823529412,1.3372549019607842,68.68627450980392,7,Date,5,SPECIAL OPERATIONS,0.5647058823529412,0.5697503671071953
3376,35,1.0,2.0,81.71428571428571,2,CONSTRUCTION SAFETY COMPLIANCE ACTIONS : MAJOR BUILDING,3,CONSTRUCTION SAFETY COMPLIANCE,1.0,0.0
3378,856,0.07126168224299065,0.17757009345794392,176.84929906542055,47,INSPECTIONS : AREA : LOW RISE,5,CONSTRUCTION SAFETY ENFORCMENT,0.07126168224299065,0.0
3381,232,1.0,2.0775862068965516,347.4008620689655,3,CONSTRUCTION SAFETY COMPLIANCE ACTIONS : 1-3 FAMILY,4,CONSTRUCTION SAFETY COMPLIANCE,1.0,0.0
3386,1223,0.28618152085036797,0.7865903515944399,149.52248569092396,70,Date,5,EMERGENCY RESPONSE TEAM,0.28618152085036797,0.051787016776075855
3387,110,0.1,0.2,222.2,5,TRACKING COMPLIANCE : AREA : LOW RISE,5,CONSTRUCTION SAFETY ENFORCMENT,0.1,0.0
3393,75,0.9733333333333334,2.026666666666667,248.68,4,CONSTRUCTION SAFETY COMPLIANCE ACTIONS : LOW RISE,4,CONSTRUCTION SAFETY COMPLIANCE,0.9733333333333334,0.013157894736842105
3396,263,0.596958174904943,1.6197718631178708,73.22813688212928,8,Date,5,SPECIAL OPERATIONS,0.596958174904943,0.5457364341085271
3406,772,0.3911917098445596,0.8471502590673575,192.15414507772022,28,WORK WITHOUT A PERMIT - OCCUPIED MULTIPLE DWELLING : CONSTRUCTION,5,REAL TIME ENFORCEMENT,0.3911917098445596,0.2811101163831692
3407,532,0.2650375939849624,0.45864661654135336,132.9266917293233,41,Date,5,STATEN ISLAND CONSTRUCTION ENFORCEMENT,0.2650375939849624,0.3684210526315789
3408,181,0.988950276243094,2.088397790055249,184.97790055248618,2,CONSTRUCTION SAFETY COMPLIANCE ACTIONS : MAJOR BUILDING,2,CONSTRUCTION SAFETY COMPLIANCE,0.988950276243094,0.0
3409,90,0.5222222222222223,1.1111111111111112,182.76666666666668,9,ENFORCEMENT WORK ORDER : INTER-AGENCY REFERRAL,5,EXECUTIVE INSPECTIONS,0.5222222222222223,0.04081632653061224
3415,157,0.9745222929936306,2.070063694267516,185.78980891719746,3,CONSTRUCTION SAFETY COMPLIANCE ACTIONS : LOW RISE,4,CONSTRUCTION SAFETY COMPLIANCE,0.9745222929936306,0.0
3416,98,0.15306122448979592,0.3469387755102041,183.09183673469389,19,INSPECTIONS : GENERAL CONTRACTOR : GUT REHAB,4,CONSTRUCTION SAFETY ENFORCMENT,0.15306122448979592,0.0
3417,126,0.30158730158730157,0.7619047619047619,148.484126984127,24,Date,1,BROOKLYN CONSTRUCTION ENFORCEMENT,0.30158730158730157,0.2391304347826087
3418,1020,0.1284313725490196,0.28627450980392155,17.250980392156862,3,SUSTAINABILITY ENFORCEMENT WORK ORDER : LL 85/09: NYC ENERGY CONSERVATION CODE,5,SUSTAINABILITY ENFORCEMENT,0.1284313725490196,0.42209631728045327
3424,947,0.22175290390707497,0.48785638859556496,161.3062302006336,48,Date,5,CONSTRUCTION SAFETY ENFORCMENT,0.22175290390707497,0.005202913631633715
3428,98,0.02040816326530612,0.061224489795918366,132.92857142857142,6,LOCAL LAW 188/17 COMPLIANCE INSPECTIONS - ACTIVE JOBS : INITIAL,3,REAL TIME ENFORCEMENT,0.02040816326530612,0.24427480916030533
3430,780,0.6358974358974359,1.3243589743589743,188.6102564102564,50,ENFORCEMENT WORK ORDER : INTER-AGENCY REFERRAL,5,EXECUTIVE INSPECTIONS,0.6358974358974359,0.3847305389221557
3431,146,0.18493150684931506,0.3835616438356164,102.61643835616438,12,INSPECTIONS : GENERAL CONTRACTOR : LOW RISE,5,CONSTRUCTION SAFETY ENFORCMENT,0.18493150684931506,0.0
3435,164,0.9451219512195121,2.0609756097560976,86.16463414634147,4,CONSTRUCTION SAFETY COMPLIANCE ACTIONS : LOW RISE,5,CONSTRUCTION SAFETY COMPLIANCE,0.9451219512195121,0.0
3436,101,0.27722772277227725,0.5841584158415841,161.98019801980197,11,TRACKING COMPLIANCE : AREA : LOW RISE,5,CONSTRUCTION SAFETY ENFORCMENT,0.27722772277227725,0.0
3437,145,0.19310344827586207,0.38620689655172413,135.0,13,INSPECTIONS : AREA : LOW RISE,5,CONSTRUCTION SAFETY ENFORCMENT,0.19310344827586207,0.006711409395973154
3438,449,0.9933184855233853,2.024498886414254,90.03118040089088,3,CONSTRUCTION SAFETY COMPLIANCE ACTIONS : MAJOR BUILDING,4,CONSTRUCTION SAFETY COMPLIANCE,0.9933184855233853,0.0
3439,1133,0.5057369814651368,0.9311562224183584,8.436010591350398,5,ELEVATOR : NOT WORKING : SINGLE DEVICE ON PROPERTY/NO ALTERNATE SERVICE,5,ELEVATOR DIVISION,0.5057369814651368,0.0034129692832764505
3440,813,0.4797047970479705,1.081180811808118,139.83640836408364,32,Date,4,SPECIAL OPERATIONS,0.4797047970479705,0.2516025641025641
3443,496,0.4778225806451613,0.9536290322580645,48.715725806451616,5,BOILER : DEFECTIVE,3,BOILER DIVISION,0.4778225806451613,0.13885505481120586
3445,248,0.22580645161290322,0.5161290322580645,142.3951612903226,15,WORK WITHOUT A PERMIT - OCCUPIED MULTIPLE DWELLING : CONSTRUCTION,5,REAL TIME ENFORCEMENT,0.22580645161290322,0.22093023255813954
3448,668,0.7305389221556886,1.5104790419161678,146.02245508982037,46,Date,5,QUEENS CONSTRUCTION ENFORCEMENT,0.7305389221556887,0.0
3452,125,0.784,2.48,58.488,4,Date,5,MANHATTAN CONSTRUCTION ENFORCEMENT,0.784,0.0
3454,1140,0.5745614035087719,1.2429824561403509,183.8517543859649,17,Date,5,SPECIAL OPERATIONS,0.5745614035087719,0.10153396639883126
3455,294,0.11904761904761904,0.25510204081632654,116.41156462585035,23,INSPECTIONS : GENERAL CONTRACTOR : LOW RISE,5,CONSTRUCTION SAFETY ENFORCMENT,0.11904761904761904,0.003367003367003367
3458,1733,0.3658395845354876,1.0761684939411424,192.72360069244084,54,Date,5,EMERGENCY RESPONSE TEAM,0.3658395845354876,0.1675011379153391
3461,212,0.9858490566037735,2.9952830188679247,35.54716981132076,2,Date,5,MANHATTAN CONSTRUCTION ENFORCEMENT,0.9858490566037735,0.0
3462,109,0.908256880733945,3.36697247706422,45.403669724770644,4,Date,5,QUEENS CONSTRUCTION ENFORCEMENT,0.908256880733945,0.0
3463,35,0.8285714285714286,2.5428571428571427,78.34285714285714,1,Date,4,MANHATTAN CONSTRUCTION ENFORCEMENT,0.8285714285714286,0.0
3466,62,0.12903225806451613,0.45161290322580644,83.54838709677419,2,Date,4,BROOKLYN CONSTRUCTION ENFORCEMENT,0.12903225806451613,0.0
3470,101,0.13861386138613863,0.27722772277227725,128.27722772277227,1,Date,4,ENFORCEMENT OPERATIONS UNIT,0.13861386138613863,0.0
3474,71,0.8732394366197183,3.0985915492957745,56.394366197183096,3,Date,5,BROOKLYN CONSTRUCTION ENFORCEMENT,0.8732394366197183,0.08433734939759036
3476,667,0.20689655172413793,0.52023988005997,96.99550224887557,47,Date,5,MANHATTAN CONSTRUCTION ENFORCEMENT,0.20689655172413793,0.13892365456821026
3484,65,0.0,0.0,106.13846153846154,5,CONSTRUCTION IN PROGRESS : AFTER HOURS - NO SPECIAL PERMIT/VARIANCE,3,EMERGENCY RESPONSE TEAM,0.0,0.0
3485,848,0.2617924528301887,0.6733490566037735,156.88443396226415,11,WORK WITHOUT A PERMIT - OCCUPIED MULTIPLE DWELLING : CONSTRUCTION,5,REAL TIME ENFORCEMENT,0.2617924528301887,0.3817701453104359
3487,798,0.17543859649122806,0.39849624060150374,120.2468671679198,18,WORK WITHOUT A PERMIT - OCCUPIED MULTIPLE DWELLING : CONSTRUCTION,5,REAL TIME ENFORCEMENT,0.17543859649122806,0.33981337480559876
3489,1418,0.27221438645980256,0.5719322990126939,97.74612129760226,24,TENANT SAFETY INSPECTION : 72 HR NOTICE COMPLIANCE INSPECTION,5,BUILDING MARSHAL'S OFFICE,0.27221438645980256,0.016337644656228726
3493,1011,0.4589515331355094,1.1829871414441147,157.81998021760634,61,Date,5,EMERGENCY RESPONSE TEAM,0.4589515331355094,0.3118405627198124
3494,94,0.9042553191489362,3.1914893617021276,47.52127659574468,2,Date,4,MANHATTAN CONSTRUCTION ENFORCEMENT,0.9042553191489362,0.0
3495,262,0.05725190839694656,0.14122137404580154,119.61068702290076,8,LOCAL LAW 188/17 COMPLIANCE INSPECTIONS - ACTIVE JOBS : SWEEP,4,REAL TIME ENFORCEMENT,0.05725190839694656,0.16981132075471697
3496,548,0.26277372262773724,0.781021897810219,161.75,13,WORK WITHOUT A PERMIT - OCCUPIED MULTIPLE DWELLING : CONSTRUCTION,5,REAL TIME ENFORCEMENT,0.26277372262773724,0.33255542590431736
3497,586,0.06825938566552901,0.17235494880546076,131.15358361774744,10,LOCAL LAW 188/17 COMPLIANCE INSPECTIONS - ACTIVE JOBS : INITIAL,5,REAL TIME ENFORCEMENT,0.06825938566552903,0.3650465356773526
3591,36,0.1388888888888889,0.3055555555555556,65.02777777777777,11,PLUMBING WORK IN PAST : ILLEGAL/NO PERMIT - PLUMBING,3,PLUMBING DIVISION,0.1388888888888889,0.5421686746987951
3595,571,0.3922942206654991,0.7443082311733801,18.089316987740805,5,ELEVATOR : NOT WORKING : SINGLE DEVICE ON PROPERTY/NO ALTERNATE SERVICE,4,ELEVATOR DIVISION,0.3922942206654991,0.00667779632721202
3601,164,0.25609756097560976,0.5853658536585366,67.70121951219512,18,TENANT SAFETY INSPECTION : 72 HR NOTICE COMPLIANCE INSPECTION,5,BUILDING MARSHAL'S OFFICE,0.25609756097560976,0.21153846153846154
3602,1664,0.3317307692307692,0.5228365384615384,8.99579326923077,6,ELEVATOR : NOT WORKING : SINGLE DEVICE ON PROPERTY/NO ALTERNATE SERVICE,5,ELEVATOR DIVISION,0.3317307692307692,0.009190120620333142
3603,1270,0.3125984251968504,0.6960629921259842,80.46771653543307,35,TENANT SAFETY INSPECTION : 72 HR NOTICE COMPLIANCE INSPECTION,5,BUILDING MARSHAL'S OFFICE,0.3125984251968504,0.03720238095238095
3605,1605,0.5040498442367601,1.12398753894081,135.17757009345794,45,ILLEGAL CONVERSION : RESIDENTIAL SPACE,2,QUEENS CONSTRUCTION ENFORCEMENT,0.5040498442367602,0.32847533632286996
3607,1276,0.32601880877742945,0.6927899686520376,143.29545454545453,34,WORK WITHOUT PERMITS WATCH LIST COMPLIANCE : WATCH LIST COMPLIANCE INSPECTION,5,BUILDING MARSHAL'S OFFICE,0.32601880877742945,0.1699629171817058
3612,48,0.10416666666666667,0.25,106.35416666666667,5,WORK WITHOUT A PERMIT - OCCUPIED MULTIPLE DWELLING : CONSTRUCTION,4,REAL TIME ENFORCEMENT,0.10416666666666667,0.2222222222222222
3613,626,0.15495207667731628,0.33865814696485624,129.81150159744408,17,WORK WITHOUT A PERMIT - OCCUPIED MULTIPLE DWELLING : CONSTRUCTION,5,REAL TIME ENFORCEMENT,0.15495207667731628,0.2974413646055437
3615,651,0.18125960061443933,0.5407066052227343,95.37019969278033,35,CONSTRUCTION IN PROGRESS : AFTER HOURS - NO SPECIAL PERMIT/VARIANCE,5,EMERGENCY RESPONSE TEAM,0.18125960061443933,0.04107648725212465
3616,186,0.10215053763440861,0.23655913978494625,108.76881720430107,8,Date,5,ENFORCEMENT OPERATIONS UNIT,0.10215053763440861,0.0
3618,357,0.9747899159663865,2.9159663865546217,78.0140056022409,5,Date,4,BRONX CONSTRUCTION ENFORCEMENT,0.9747899159663865,0.0
3619,240,0.0625,0.13333333333333333,173.73333333333332,29,INSPECTIONS : GENERAL CONTRACTOR : LOW RISE,5,CONSTRUCTION SAFETY ENFORCMENT,0.0625,0.0
3621,999,0.3713713713713714,1.152152152152152,142.36836836836838,24,NO BUILDING PERMIT : CONSTRUCTION,5,BUILDING MARSHAL'S OFFICE,0.3713713713713714,0.21428571428571427
3623,62,1.0,2.0483870967741935,128.80645161290323,3,CONSTRUCTION SAFETY COMPLIANCE ACTIONS : LOW RISE,5,CONSTRUCTION SAFETY COMPLIANCE,1.0,0.0
3624,367,1.0,3.11716621253406,39.043596730245234,1,Date,5,MANHATTAN CONSTRUCTION ENFORCEMENT,1.0,0.0
3625,683,0.2840409956076135,0.6530014641288433,156.3674963396779,27,WORK WITHOUT A PERMIT - OCCUPIED MULTIPLE DWELLING : CONSTRUCTION,5,REAL TIME ENFORCEMENT,0.28404099560761353,0.23233404710920771
3626,97,0.8556701030927835,3.0721649484536084,47.01030927835052,5,Date,5,MANHATTAN CONSTRUCTION ENFORCEMENT,0.8556701030927835,0.0
3628,318,0.1289308176100629,0.31446540880503143,120.69811320754717,12,WORK WITHOUT A PERMIT - OCCUPIED MULTIPLE DWELLING : CONSTRUCTION,5,REAL TIME ENFORCEMENT,0.1289308176100629,0.3953488372093023
3630,423,0.2624113475177305,0.6666666666666666,196.43735224586288,37,Date,5,CONSTRUCTION SAFETY ENFORCMENT,0.2624113475177305,0.0
3631,291,0.21993127147766323,0.5429553264604811,118.11683848797252,32,WORK WITHOUT A PERMIT - OCCUPIED MULTIPLE DWELLING : CONSTRUCTION,5,EMERGENCY RESPONSE TEAM,0.21993127147766323,0.11869436201780416
3632,309,0.10032362459546926,0.21359223300970873,219.66990291262135,30,INSPECTIONS : GENERAL CONTRACTOR : LOW RISE,5,CONSTRUCTION SAFETY ENFORCMENT,0.10032362459546926,0.0
3633,774,0.6963824289405685,1.3630490956072352,147.2325581395349,49,ENFORCEMENT WORK ORDER : INTER-AGENCY REFERRAL,5,EXECUTIVE INSPECTIONS,0.6963824289405685,0.49724095646842426
3635,207,0.961352657004831,3.285024154589372,29.014492753623188,7,Date,4,BRONX CONSTRUCTION ENFORCEMENT,0.961352657004831,0.0
3636,257,0.7276264591439688,1.5214007782101167,96.00389105058366,20,CONSTRUCTION SAFETY COMPLIANCE ACTIONS : LOW RISE,4,CONSTRUCTION SAFETY COMPLIANCE,0.7276264591439688,0.0
3637,1487,0.19300605245460659,0.4156018829858776,133.0383322125084,56,INSPECTIONS : AREA : LOW RISE,5,CONSTRUCTION SAFETY ENFORCMENT,0.19300605245460659,0.0
3638,1431,0.17540181691125087,0.39622641509433965,139.14605171208945,57,INSPECTIONS : AREA : LOW RISE,5,CONSTRUCTION SAFETY ENFORCMENT,0.17540181691125087,0.0006839945280437756
3639,691,0.5803183791606368,1.2286541244573081,279.4848046309696,53,ENFORCEMENT WORK ORDER : INTER-AGENCY REFERRAL,5,BROOKLYN CONSTRUCTION ENFORCEMENT,0.5803183791606368,0.5126279863481229
3641,263,0.4714828897338403,1.532319391634981,88.36501901140684,7,Date,4,BROOKLYN CONSTRUCTION ENFORCEMENT,0.4714828897338403,0.0
3642,187,0.44385026737967914,0.8877005347593583,78.32620320855615,6,ELEVATOR : NOT WORKING : SINGLE DEVICE ON PROPERTY/NO ALTERNATE SERVICE,3,ELEVATOR DIVISION,0.44385026737967914,0.0
3643,80,0.9875,3.975,72.6,3,Date,3,BRONX CONSTRUCTION ENFORCEMENT,0.9875,0.0
3644,57,0.9649122807017544,3.4210526315789473,58.578947368421055,1,Date,4,BRONX CONSTRUCTION ENFORCEMENT,0.9649122807017544,0.0
3645,167,0.9880239520958084,3.089820359281437,29.856287425149702,1,Date,5,MANHATTAN CONSTRUCTION ENFORCEMENT,0.9880239520958084,0.0
3647,142,0.6690140845070423,1.6619718309859155,80.8169014084507,4,Date,5,SPECIAL OPERATIONS,0.6690140845070423,0.5322128851540616
3648,224,0.7455357142857143,2.09375,82.75446428571429,7,Date,5,SPECIAL OPERATIONS,0.7455357142857143,0.40414507772020725
3649,199,0.6180904522613065,1.5477386934673367,79.1356783919598,7,Date,5,SPECIAL OPERATIONS,0.6180904522613065,0.4764044943820225
3651,769,0.3602080624187256,1.035110533159948,114.76462938881664,37,Date,5,EMERGENCY RESPONSE TEAM,0.3602080624187256,0.1825922421948912
3652,62,0.9838709677419355,2.1129032258064515,264.88709677419354,4,CONSTRUCTION SAFETY COMPLIANCE ACTIONS : LOW RISE,4,CONSTRUCTION SAFETY COMPLIANCE,0.9838709677419355,0.0
3653,539,0.04638218923933209,0.10946196660482375,96.36734693877551,41,CONSTRUCTION SAFETY COMPLIANCE ACTIONS : LOW RISE,5,CONSTRUCTION SAFETY ENFORCMENT,0.04638218923933209,0.0
3654,639,0.30672926447574334,0.9123630672926447,141.41001564945228,21,NO BUILDING PERMIT : CONSTRUCTION,5,BUILDING MARSHAL'S OFFICE,0.30672926447574334,0.1414141414141414
3655,470,0.30638297872340425,0.6957446808510638,117.07872340425531,34,ILLEGAL CONVERSION : RESIDENTIAL SPACE,4,QUEENS CONSTRUCTION ENFORCEMENT,0.30638297872340425,0.5327188940092166
3657,645,0.4015503875968992,0.8852713178294573,174.65426356589148,48,ILLEGAL CONVERSION : RESIDENTIAL SPACE,2,QUEENS CONSTRUCTION ENFORCEMENT,0.4015503875968992,0.5098554533508541
3658,1153,0.28534258456201217,0.590633130962706,255.57849089332177,45,SCAFFOLD/SIDEWALK SHED : UNSAFE,4,CONSTRUCTION SAFETY ENFORCMENT,0.28534258456201217,0.0
3659,121,0.49586776859504134,1.322314049586777,105.07438016528926,8,Date,5,SPECIAL OPERATIONS,0.49586776859504134,0.5241635687732342
3660,113,0.7876106194690266,1.7964601769911503,218.38938053097345,12,CONSTRUCTION SAFETY COMPLIANCE ACTIONS : LOW RISE,5,CONSTRUCTION SAFETY COMPLIANCE,0.7876106194690266,0.0
3661,89,0.9550561797752809,2.202247191011236,185.53932584269663,4,CONSTRUCTION SAFETY COMPLIANCE ACTIONS : LOW RISE,5,CONSTRUCTION SAFETY COMPLIANCE,0.9550561797752809,0.0
3663,83,0.42168674698795183,1.0,99.144578313253,8,CONSTRUCTION SAFETY COMPLIANCE ACTIONS : LOW RISE,4,REAL TIME ENFORCEMENT,0.42168674698795183,0.17475728155339806
3664,73,0.9452054794520548,2.0273972602739727,102.28767123287672,3,CONSTRUCTION SAFETY COMPLIANCE ACTIONS : LOW RISE,4,CONSTRUCTION SAFETY COMPLIANCE,0.9452054794520548,0.0
3665,636,0.35377358490566035,1.0518867924528301,71.15408805031447,19,Date,5,PLUMBING DIVISION,0.35377358490566035,0.41409691629955947
3666,162,0.24691358024691357,0.5123456790123457,145.1172839506173,9,WORK WITHOUT A PERMIT - OCCUPIED MULTIPLE DWELLING : CONSTRUCTION,5,REAL TIME ENFORCEMENT,0.24691358024691357,0.2620967741935484
3668,777,0.1981981981981982,0.4195624195624196,197.97425997425998,54,TRACKING COMPLIANCE : AREA : LOW RISE,4,CONSTRUCTION SAFETY ENFORCMENT,0.1981981981981982,0.02706027060270603
3669,723,0.2475795297372061,0.6666666666666666,123.01383125864454,42,ENFORCEMENT WORK ORDER : INTER-AGENCY REFERRAL,4,BRONX CONSTRUCTION ENFORCEMENT,0.2475795297372061,0.2543402777777778
3670,658,0.2933130699088146,0.7340425531914894,182.41489361702128,25,WORK WITHOUT PERMITS WATCH LIST COMPLIANCE : WATCH LIST COMPLIANCE INSPECTION,5,BUILDING MARSHAL'S OFFICE,0.2933130699088146,0.14478527607361963
3671,214,0.1542056074766355,0.3925233644859813,133.7289719626168,11,WORK WITHOUT A PERMIT - OCCUPIED MULTIPLE DWELLING : CONSTRUCTION,4,REAL TIME ENFORCEMENT,0.1542056074766355,0.5091277890466531
3672,105,0.9904761904761905,3.104761904761905,42.32380952380952,1,Date,4,MANHATTAN CONSTRUCTION ENFORCEMENT,0.9904761904761905,0.0
3673,1053,0.42165242165242167,0.8594491927825261,116.61443494776829,22,Date,5,BUILDING MARSHAL'S OFFICE,0.42165242165242167,0.06887532693984307
3675,583,0.6449399656946827,1.3481989708404802,242.8147512864494,47,ENFORCEMENT WORK ORDER : INTER-AGENCY REFERRAL,5,EXECUTIVE INSPECTIONS,0.6449399656946827,0.3365800865800866
3677,1037,0.4522661523625844,1.2410800385728062,149.08389585342334,37,Date,5,EMERGENCY RESPONSE TEAM,0.4522661523625844,0.07183673469387755
3678,1290,0.43643410852713177,1.2395348837209301,317.12015503875966,64,ENFORCEMENT WORK ORDER : CORRESPONDENCE RESPONSE,4,BROOKLYN CONSTRUCTION ENFORCEMENT,0.43643410852713177,0.25199786893979753
3679,1098,0.3205828779599271,0.7358834244080146,134.49726775956285,26,WORK WITHOUT A PERMIT - OCCUPIED MULTIPLE DWELLING : CONSTRUCTION,5,REAL TIME ENFORCEMENT,0.3205828779599271,0.3004836759371221
3680,192,0.7760416666666666,2.0572916666666665,71.203125,5,Date,5,SPECIAL OPERATIONS,0.7760416666666666,0.4987405541561713
3681,1186,0.7689713322091062,1.370151770657673,15.704047217537942,8,ELEVATOR : NOT WORKING : SINGLE DEVICE ON PROPERTY/NO ALTERNATE SERVICE,4,ELEVATOR DIVISION,0.7689713322091062,0.002497918401332223
3682,1330,0.1511278195488722,0.33909774436090223,76.13157894736842,52,INSPECTIONS : AREA : LOW RISE,5,CONSTRUCTION SAFETY ENFORCMENT,0.1511278195488722,0.0
3683,490,0.1673469387755102,0.34285714285714286,246.0,50,Date,3,CONSTRUCTION SAFETY ENFORCMENT,0.1673469387755102,0.0
3684,1006,0.09343936381709742,0.2962226640159046,126.16998011928429,55,ENFORCEMENT WORK ORDER : INTER-AGENCY REFERRAL,3,MANHATTAN CONSTRUCTION ENFORCEMENT,0.09343936381709742,0.1774960380348653
3685,71,1.0,2.1971830985915495,140.11267605633802,3,CONSTRUCTION SAFETY COMPLIANCE ACTIONS : LOW RISE,5,CONSTRUCTION SAFETY COMPLIANCE,1.0,0.0
3686,260,0.29615384615384616,0.5692307692307692,4.915384615384616,5,ELEVATOR : NOT WORKING : SINGLE DEVICE ON PROPERTY/NO ALTERNATE SERVICE,3,ELEVATOR DIVISION,0.29615384615384616,0.003745318352059925
3687,941,0.5345377258235919,1.6801275239107332,111.3336875664187,21,NO BUILDING PERMIT : CONSTRUCTION,3,BUILDING MARSHAL'S OFFICE,0.5345377258235919,0.1135407905803196
3688,533,0.39399624765478425,0.7279549718574109,10.418386491557223,5,ELEVATOR : NOT WORKING : SINGLE DEVICE ON PROPERTY/NO ALTERNATE SERVICE,4,ELEVATOR DIVISION,0.39399624765478425,0.01592920353982301
3689,547,0.26691042047531993,0.8281535648994516,140.84460694698356,16,NO BUILDING PERMIT : CONSTRUCTION,4,BUILDING MARSHAL'S OFFICE,0.26691042047531993,0.21645569620253163
3693,392,0.3086734693877551,0.9107142857142857,153.6530612244898,14,WORK WITHOUT A PERMIT - OCCUPIED MULTIPLE DWELLING : CONSTRUCTION,5,REAL TIME ENFORCEMENT,0.3086734693877551,0.31158238172920066
3695,441,0.7505668934240363,1.3650793650793651,24.38095238095238,4,ELEVATOR : NOT WORKING : SINGLE DEVICE ON PROPERTY/NO ALTERNATE SERVICE,5,ELEVATOR DIVISION,0.7505668934240363,0.0045045045045045045
3696,371,0.14555256064690028,0.3692722371967655,166.21024258760107,35,Date,5,CONSTRUCTION SAFETY ENFORCMENT,0.14555256064690028,0.0
3697,326,0.8251533742331288,1.6503067484662577,220.45705521472394,1,Date,1,SPECIAL OPERATIONS,0.8251533742331288,0.0
3699,420,0.1261904761904762,0.2642857142857143,121.9452380952381,37,TRACKING COMPLIANCE : AREA : LOW RISE,5,CONSTRUCTION SAFETY ENFORCMENT,0.1261904761904762,0.0
3700,568,0.2746478873239437,0.8767605633802817,234.12147887323943,17,NO BUILDING PERMIT : CONSTRUCTION,5,BUILDING MARSHAL'S OFFICE,0.2746478873239437,0.21683673469387754
3701,50,0.96,2.36,230.56,3,CONSTRUCTION SAFETY COMPLIANCE ACTIONS : LOW RISE,4,CONSTRUCTION SAFETY COMPLIANCE,0.96,0.0
3702,153,0.2679738562091503,0.5816993464052288,200.92156862745097,28,CONSTRUCTION SAFETY COMPLIANCE ACTIONS : LOW RISE,4,CONSTRUCTION SAFETY ENFORCMENT,0.2679738562091503,0.0
3703,62,1.0,3.1451612903225805,20.596774193548388,4,Date,5,MANHATTAN CONSTRUCTION ENFORCEMENT,1.0,0.0
3706,408,0.8382352941176471,1.7156862745098038,206.9485294117647,4,Date,3,SPECIAL OPERATIONS,0.8382352941176471,0.0
3707,357,0.7254901960784313,1.4453781512605042,151.72549019607843,38,CURB CUT/DRIVEWAY/CARPORT : ILLEGAL - EXISTING,4,BROOKLYN CONSTRUCTION ENFORCEMENT,0.7254901960784313,0.0
3709,626,0.10383386581469649,0.2971246006389776,163.70607028753994,24,TENANT SAFETY INSPECTION : 72 HR NOTICE COMPLIANCE INSPECTION,4,BUILDING MARSHAL'S OFFICE,0.10383386581469649,0.09482758620689655
3710,485,0.30515463917525776,0.9175257731958762,90.62061855670103,16,Date,5,PLUMBING DIVISION,0.30515463917525776,0.26244343891402716
3712,260,0.06538461538461539,0.07307692307692308,6.1923076923076925,5,ELEVATOR : NOT WORKING : SINGLE DEVICE ON PROPERTY/NO ALTERNATE SERVICE,3,ELEVATOR DIVISION,0.06538461538461539,0.036101083032490974
3714,225,0.18666666666666668,0.4,71.69777777777777,14,Date,5,PLUMBING DIVISION,0.18666666666666668,0.47085201793721976
3715,47,0.0851063829787234,0.1702127659574468,74.93617021276596,4,CONSTRUCTION IN PROGRESS : AFTER HOURS - NO SPECIAL PERMIT/VARIANCE,3,EMERGENCY RESPONSE TEAM,0.0851063829787234,0.04
3716,57,0.9473684210526315,2.491228070175439,136.3859649122807,3,CONSTRUCTION SAFETY COMPLIANCE ACTIONS : LOW RISE,4,CONSTRUCTION SAFETY COMPLIANCE,0.9473684210526315,0.0
3717,251,0.5816733067729084,1.6294820717131475,210.3824701195219,14,LOCAL LAW AUDITS : TRACKING,5,BUILDING MARSHAL'S OFFICE,0.5816733067729084,0.007633587786259542
3718,239,0.7907949790794979,1.5857740585774058,284.32217573221754,3,Date,1,SPECIAL OPERATIONS,0.7907949790794979,0.0
3720,302,0.5165562913907285,0.9271523178807947,11.327814569536423,4,ELEVATOR : NOT WORKING : SINGLE DEVICE ON PROPERTY/NO ALTERNATE SERVICE,3,ELEVATOR DIVISION,0.5165562913907285,0.049079754601226995
3722,387,0.26098191214470284,0.5762273901808785,202.79586563307492,45,Date,5,CONSTRUCTION SAFETY ENFORCMENT,0.26098191214470284,0.0
3723,255,0.796078431372549,1.6549019607843136,284.59215686274507,2,Date,2,SPECIAL OPERATIONS,0.796078431372549,0.0
3724,292,0.4965753424657534,1.4452054794520548,187.94520547945206,29,UNSTABLE BUILDING : SHAKING/VIBRATING - CONSTRUCTION,5,EMERGENCY RESPONSE TEAM,0.4965753424657534,0.07428571428571429
3725,447,0.8411633109619687,1.7628635346756152,201.82997762863533,2,Date,4,SPECIAL OPERATIONS,0.8411633109619687,0.0
3727,266,0.19924812030075187,0.39849624060150374,141.3233082706767,17,SIGN - BUILDING : ILLEGAL,4,SPECIAL OPERATIONS,0.19924812030075187,0.20728291316526612
3730,109,0.5045871559633027,1.0642201834862386,173.70642201834863,11,Date,4,SPECIAL OPERATIONS,0.5045871559633027,0.13178294573643412
3731,115,1.0,2.5217391304347827,82.54782608695652,1,Date,4,FORENSIC ENGINEERING,1.0,0.0
3732,239,0.3723849372384937,1.2719665271966527,147.8828451882845,17,NO BUILDING PERMIT : CONSTRUCTION,4,BUILDING MARSHAL'S OFFICE,0.3723849372384937,0.23952095808383234
3734,86,0.4883720930232558,1.058139534883721,151.15116279069767,9,ILLEGAL USE : RESIDENTIAL SPACE - USED AS BUSINESS,3,SPECIAL OPERATIONS,0.4883720930232558,0.23529411764705882
3735,378,0.15343915343915343,0.49206349206349204,136.61111111111111,43,ENFORCEMENT WORK ORDER : INTER-AGENCY REFERRAL,3,MANHATTAN CONSTRUCTION ENFORCEMENT,0.15343915343915343,0.20717131474103587
3736,79,0.8227848101265823,1.6455696202531647,155.16455696202533,1,Date,1,SPECIAL OPERATIONS,0.8227848101265823,0.0
3737,363,0.7768595041322314,1.556473829201102,161.48760330578511,2,Date,2,SPECIAL OPERATIONS,0.7768595041322314,0.0
3740,199,0.1708542713567839,0.4472361809045226,110.60804020100502,16,INSPECTIONS : AREA : LOW RISE,5,CONSTRUCTION SAFETY ENFORCMENT,0.1708542713567839,0.0
3742,52,0.1346153846153846,0.5192307692307693,153.3846153846154,8,WORK WITHOUT PERMITS WATCH LIST COMPLIANCE : WATCH LIST COMPLIANCE INSPECTION,3,BUILDING MARSHAL'S OFFICE,0.13461538461538464,0.21739130434782608
3743,472,0.7288135593220338,1.4703389830508475,143.26483050847457,3,Date,3,SPECIAL OPERATIONS,0.7288135593220338,0.0
3749,150,0.18666666666666668,0.6533333333333333,132.30666666666667,15,ENFORCEMENT WORK ORDER : CORRESPONDENCE RESPONSE,1,BROOKLYN CONSTRUCTION ENFORCEMENT,0.18666666666666668,0.13736263736263737
3750,83,0.26506024096385544,0.9397590361445783,174.53012048192772,9,NO BUILDING PERMIT : CONSTRUCTION,4,BUILDING MARSHAL'S OFFICE,0.26506024096385544,0.39285714285714285
3751,77,1.0,2.4285714285714284,100.59740259740259,1,Date,4,FORENSIC ENGINEERING,1.0,0.0
3752,74,0.2702702702702703,0.6621621621621622,147.01351351351352,6,WORK WITHOUT A PERMIT - OCCUPIED MULTIPLE DWELLING : CONSTRUCTION,4,REAL TIME ENFORCEMENT,0.2702702702702703,0.32456140350877194
3753,99,0.3838383838383838,0.8686868686868687,109.64646464646465,5,Date,5,BUILDING MARSHAL'S OFFICE,0.3838383838383838,0.0
3758,84,0.2976190476190476,0.7976190476190477,171.33333333333334,8,WORK WITHOUT A PERMIT - OCCUPIED MULTIPLE DWELLING : CONSTRUCTION,2,REAL TIME ENFORCEMENT,0.2976190476190476,0.6046511627906976
3759,141,0.41843971631205673,0.723404255319149,173.10638297872342,21,ENFORCEMENT WORK ORDER : CORRESPONDENCE RESPONSE,1,QUEENS CONSTRUCTION ENFORCEMENT,0.41843971631205673,0.597051597051597
3760,57,0.7368421052631579,2.9473684210526314,197.98245614035088,8,ENFORCEMENT WORK ORDER : CORRESPONDENCE RESPONSE,1,BROOKLYN CONSTRUCTION ENFORCEMENT,0.7368421052631579,0.017241379310344827
3761,151,0.7483443708609272,1.403973509933775,7.9801324503311255,4,ELEVATOR : NOT WORKING : MULTIPLE DEVICES ON PROPERTY,3,ELEVATOR DIVISION,0.7483443708609272,0.01948051948051948
3764,182,0.21428571428571427,0.532967032967033,175.27472527472528,18,INSPECTIONS : AREA : LOW RISE,5,CONSTRUCTION SAFETY ENFORCMENT,0.21428571428571427,0.0
3765,164,0.14634146341463414,0.3780487804878049,155.95731707317074,29,ILLEGAL CONVERSION : RESIDENTIAL SPACE,4,MANHATTAN CONSTRUCTION ENFORCEMENT,0.14634146341463414,0.24786324786324787
3766,85,0.15294117647058825,0.3058823529411765,92.95294117647059,20,CERTIFICATE OF OCCUPANCY : ILLEGAL CHANGE IN USE,1,MANHATTAN CONSTRUCTION ENFORCEMENT,0.15294117647058825,0.34782608695652173
3768,258,0.46511627906976744,0.9806201550387597,182.54651162790697,32,ILLEGAL CONVERSION : RESIDENTIAL SPACE,1,QUEENS CONSTRUCTION ENFORCEMENT,0.46511627906976744,0.4893203883495146
3770,79,0.34177215189873417,0.7088607594936709,197.64556962025316,16,Date,2,CONSTRUCTION SAFETY ENFORCMENT,0.34177215189873417,0.0
3776,98,0.3979591836734694,0.8571428571428571,83.55102040816327,13,Date,5,PLUMBING DIVISION,0.3979591836734694,0.4708994708994709
3784,152,0.27631578947368424,0.6644736842105263,241.76315789473685,33,Date,2,CONSTRUCTION SAFETY ENFORCMENT,0.27631578947368424,0.0
5205,215,0.9953488372093023,3.125581395348837,100.45581395348837,2,Date,5,BROOKLYN CONSTRUCTION ENFORCEMENT,0.9953488372093023,0.0
5211,30,1.0,3.1,89.83333333333333,1,Date,4,QUEENS CONSTRUCTION ENFORCEMENT,1.0,0.0
9,1681,0.9185008923259964,2.8161808447352765,99.17013682331945,13,Date,5,BROOKLYN CONSTRUCTION ENFORCEMENT,0.9185008923259964,0.00047036688617121356
